# Blender 4.2.3 LTS
# www.blender.org
mtllib groundbutcooler.mtl
o Plane
v 54.360161 0.000000 -2.714219
v 54.360161 5.000000 -2.714219
v 54.360161 0.000000 2.393411
v 54.360161 5.000000 2.393411
v 54.360157 7.500000 -0.160404
v 54.360157 7.451963 0.337820
v 54.360157 7.309699 0.816899
v 54.360157 7.078674 1.258420
v 54.360157 6.767767 1.645416
v 54.360157 6.388926 1.963015
v 54.360157 5.956708 2.199013
v 54.360157 5.487726 2.344340
v 54.360157 5.000000 2.393411
v 54.360157 5.000000 -2.714219
v 54.360157 5.487726 -2.665148
v 54.360157 5.956708 -2.519821
v 54.360157 6.388926 -2.283823
v 54.360157 6.767767 -1.966224
v 54.360157 7.078674 -1.579228
v 54.360157 7.309699 -1.137707
v 54.360157 7.451963 -0.658629
v 44.187054 -0.000008 -2.714220
v 44.187054 4.999992 -2.714220
v 44.187054 4.999992 2.393410
v 44.187054 -0.000008 2.393410
v 44.187050 7.451955 0.337820
v 44.187050 7.499992 -0.160405
v 44.187050 7.309690 0.816898
v 44.187050 7.078666 1.258419
v 44.187050 6.767759 1.645415
v 44.187050 6.388917 1.963015
v 44.187050 5.956700 2.199013
v 44.187050 5.487718 2.344339
v 44.187050 4.999991 2.393410
v 44.187050 5.487718 -2.665148
v 44.187050 4.999991 -2.714220
v 44.187050 5.956700 -2.519822
v 44.187050 6.388917 -2.283824
v 44.187050 6.767759 -1.966224
v 44.187050 7.078666 -1.579228
v 44.187050 7.309690 -1.137707
v 44.187050 7.451955 -0.658629
v 44.187054 0.000000 -2.506038
v 44.187054 5.059705 -2.506038
v 44.187054 5.059705 2.185229
v 44.187054 0.000000 2.185229
v 44.187050 7.311790 0.297206
v 44.187050 7.355911 -0.160405
v 44.187050 7.181122 0.737230
v 44.187050 6.968930 1.142759
v 44.187050 6.683368 1.498209
v 44.187050 6.335409 1.789918
v 44.187050 5.938425 2.006678
v 44.187050 5.507673 2.140158
v 44.187050 5.059705 2.185229
v 44.187050 5.507673 -2.460967
v 44.187050 5.059705 -2.506038
v 44.187050 5.938425 -2.327487
v 44.187050 6.335409 -2.110728
v 44.187050 6.683368 -1.819018
v 44.187050 6.968930 -1.463569
v 44.187050 7.181122 -1.058040
v 44.187050 7.311790 -0.618015
v 47.262402 0.000000 -2.506037
v 47.262402 5.059705 -2.506037
v 47.262402 5.059705 2.185229
v 47.262402 0.000000 2.185229
v 47.262398 7.311790 0.297206
v 47.262398 7.355911 -0.160405
v 47.262398 7.181122 0.737230
v 47.262398 6.968930 1.142759
v 47.262398 6.683368 1.498209
v 47.262398 6.335409 1.789918
v 47.262398 5.938425 2.006678
v 47.262398 5.507673 2.140158
v 47.262398 5.059705 2.185229
v 47.262398 5.507673 -2.460967
v 47.262398 5.059705 -2.506037
v 47.262398 5.938425 -2.327487
v 47.262398 6.335409 -2.110728
v 47.262398 6.683368 -1.819018
v 47.262398 6.968930 -1.463569
v 47.262398 7.181122 -1.058040
v 47.262398 7.311790 -0.618015
v 2.669529 0.000000 51.621677
v 2.669529 5.000000 51.621677
v -2.438103 0.000000 51.621677
v -2.438103 5.000000 51.621677
v 0.115715 7.500000 51.621670
v -0.382511 7.451963 51.621670
v -0.861588 7.309699 51.621670
v -1.303112 7.078674 51.621670
v -1.690105 6.767767 51.621670
v -2.007702 6.388926 51.621670
v -2.243706 5.956708 51.621670
v -2.389030 5.487726 51.621670
v -2.438103 5.000000 51.621670
v 2.669529 5.000000 51.621670
v 2.620457 5.487726 51.621670
v 2.475132 5.956708 51.621670
v 2.239132 6.388926 51.621670
v 1.921535 6.767767 51.621670
v 1.534538 7.078674 51.621670
v 1.093014 7.309699 51.621670
v 0.613937 7.451963 51.621670
v 2.669533 -0.000008 41.448570
v 2.669533 4.999992 41.448570
v -2.438099 4.999992 41.448570
v -2.438099 -0.000008 41.448570
v -0.382507 7.451954 41.448566
v 0.115719 7.499991 41.448566
v -0.861584 7.309690 41.448566
v -1.303108 7.078666 41.448566
v -1.690102 6.767759 41.448566
v -2.007698 6.388917 41.448566
v -2.243702 5.956700 41.448566
v -2.389027 5.487718 41.448566
v -2.438099 4.999991 41.448566
v 2.620461 5.487718 41.448566
v 2.669533 4.999991 41.448566
v 2.475136 5.956700 41.448566
v 2.239136 6.388917 41.448566
v 1.921539 6.767759 41.448566
v 1.534542 7.078666 41.448566
v 1.093018 7.309690 41.448566
v 0.613941 7.451954 41.448566
v 2.461349 0.000000 41.448570
v 2.461349 5.059705 41.448570
v -2.229916 5.059705 41.448570
v -2.229916 0.000000 41.448570
v -0.341892 7.311790 41.448566
v 0.115719 7.355910 41.448566
v -0.781918 7.181122 41.448566
v -1.187447 6.968930 41.448566
v -1.542892 6.683368 41.448566
v -1.834602 6.335409 41.448566
v -2.051365 5.938425 41.448566
v -2.184845 5.507673 41.448566
v -2.229916 5.059705 41.448566
v 2.416283 5.507673 41.448566
v 2.461349 5.059705 41.448566
v 2.282799 5.938425 41.448566
v 2.066040 6.335409 41.448566
v 1.774330 6.683368 41.448566
v 1.418880 6.968930 41.448566
v 1.013355 7.181122 41.448566
v 0.573330 7.311790 41.448566
v -54.204010 0.000001 2.500000
v -54.204010 5.000000 2.500000
v -54.204010 0.000001 -2.607631
v -54.204010 5.000000 -2.607631
v -54.204002 7.500000 -0.053816
v -54.204002 7.451963 -0.552039
v -54.204002 7.309699 -1.031118
v -54.204002 7.078674 -1.472640
v -54.204002 6.767767 -1.859636
v -54.204002 6.388926 -2.177233
v -54.204002 5.956708 -2.413234
v -54.204002 5.487726 -2.558560
v -54.204002 5.000000 -2.607631
v -54.204002 5.000000 2.500000
v -54.204002 5.487726 2.450929
v -54.204002 5.956708 2.305603
v -54.204002 6.388926 2.069602
v -54.204002 6.767767 1.752005
v -54.204002 7.078674 1.365008
v -54.204002 7.309699 0.923486
v -54.204002 7.451963 0.444408
v -44.030907 -0.000007 2.500000
v -44.030907 4.999992 2.500000
v -44.030907 4.999992 -2.607632
v -44.030907 -0.000007 -2.607632
v -44.030899 7.451954 -0.552040
v -44.030899 7.499991 -0.053816
v -44.030899 7.309690 -1.031118
v -44.030899 7.078666 -1.472640
v -44.030899 6.767759 -1.859637
v -44.030899 6.388917 -2.177234
v -44.030899 5.956700 -2.413235
v -44.030899 5.487718 -2.558561
v -44.030899 4.999991 -2.607632
v -44.030899 5.487718 2.450929
v -44.030899 4.999991 2.500000
v -44.030899 5.956700 2.305603
v -44.030899 6.388917 2.069602
v -44.030899 6.767759 1.752004
v -44.030899 7.078666 1.365008
v -44.030899 7.309690 0.923485
v -44.030899 7.451954 0.444407
v -44.030907 0.000001 2.291817
v -44.030907 5.059705 2.291817
v -44.030907 5.059705 -2.399450
v -44.030907 0.000001 -2.399450
v -44.030899 7.311790 -0.511427
v -44.030899 7.355910 -0.053816
v -44.030899 7.181122 -0.951453
v -44.030899 6.968930 -1.356979
v -44.030899 6.683368 -1.712427
v -44.030899 6.335409 -2.004137
v -44.030899 5.938425 -2.220898
v -44.030899 5.507673 -2.354379
v -44.030899 5.059705 -2.399450
v -44.030899 5.507673 2.246747
v -44.030899 5.059705 2.291817
v -44.030899 5.938425 2.113266
v -44.030899 6.335409 1.896505
v -44.030899 6.683368 1.604795
v -44.030899 6.968930 1.249346
v -44.030899 7.181122 0.843820
v -44.030899 7.311790 0.403795
v -2.419060 0.000009 -41.385761
v -2.419060 5.000009 -41.385761
v 2.688576 0.000009 -41.385761
v 2.688576 5.000009 -41.385761
v 0.134758 7.500009 -41.385754
v 0.632980 7.451971 -41.385754
v 1.112061 7.309707 -41.385754
v 1.553581 7.078682 -41.385754
v 1.940578 6.767775 -41.385754
v 2.258175 6.388934 -41.385754
v 2.494179 5.956717 -41.385754
v 2.639503 5.487734 -41.385754
v 2.688576 5.000009 -41.385754
v -2.419060 5.000009 -41.385754
v -2.369987 5.487734 -41.385754
v -2.224663 5.956717 -41.385754
v -1.988659 6.388934 -41.385754
v -1.671062 6.767775 -41.385754
v -1.284065 7.078682 -41.385754
v -0.842545 7.309707 -41.385754
v -0.363464 7.451971 -41.385754
v -2.419060 0.000001 -31.212648
v -2.419060 5.000000 -31.212648
v 2.688576 5.000000 -31.212648
v 2.688576 0.000001 -31.212648
v 0.632980 7.451963 -31.212645
v 0.134758 7.500000 -31.212645
v 1.112061 7.309699 -31.212645
v 1.553581 7.078674 -31.212645
v 1.940578 6.767767 -31.212645
v 2.258175 6.388926 -31.212645
v 2.494179 5.956709 -31.212645
v 2.639503 5.487726 -31.212645
v 2.688576 5.000000 -31.212645
v -2.369987 5.487726 -31.212645
v -2.419060 5.000000 -31.212645
v -2.224663 5.956709 -31.212645
v -1.988659 6.388926 -31.212645
v -1.671062 6.767767 -31.212645
v -1.284065 7.078674 -31.212645
v -0.842545 7.309699 -31.212645
v -0.363464 7.451963 -31.212645
v -2.210876 0.000009 -31.212648
v -2.210876 5.059714 -31.212648
v 2.480392 5.059714 -31.212648
v 2.480392 0.000009 -31.212648
v 0.592369 7.311798 -31.212645
v 0.134758 7.355919 -31.212645
v 1.032394 7.181130 -31.212645
v 1.437920 6.968939 -31.212645
v 1.793369 6.683376 -31.212645
v 2.085079 6.335417 -31.212645
v 2.301842 5.938434 -31.212645
v 2.435322 5.507681 -31.212645
v 2.480392 5.059714 -31.212645
v -2.165806 5.507681 -31.212645
v -2.210876 5.059714 -31.212645
v -2.032326 5.938434 -31.212645
v -1.815563 6.335417 -31.212645
v -1.523853 6.683376 -31.212645
v -1.168404 6.968939 -31.212645
v -0.762878 7.181130 -31.212645
v -0.322853 7.311798 -31.212645
v -2.419060 0.000009 -33.208595
v -2.419060 5.000009 -33.208595
v 2.688576 5.000009 -33.208595
v 2.688576 0.000009 -33.208595
v 0.632980 7.451971 -33.208591
v 0.134758 7.500009 -33.208591
v 1.112061 7.309707 -33.208591
v 1.553581 7.078682 -33.208591
v 1.940578 6.767775 -33.208591
v 2.258175 6.388934 -33.208591
v 2.494179 5.956717 -33.208591
v 2.639503 5.487734 -33.208591
v 2.688576 5.000009 -33.208591
v -2.369987 5.487734 -33.208591
v -2.419060 5.000009 -33.208591
v -2.224663 5.956717 -33.208591
v -1.988659 6.388934 -33.208591
v -1.671062 6.767775 -33.208591
v -1.284065 7.078682 -33.208591
v -0.842545 7.309707 -33.208591
v -0.363464 7.451971 -33.208591
v -2.419060 0.000009 -32.267067
v -2.419060 5.000009 -32.267067
v 2.688576 5.000009 -32.267067
v 2.688576 0.000009 -32.267067
v 0.632980 7.451971 -32.267063
v 0.134758 7.500009 -32.267063
v 1.112061 7.309707 -32.267063
v 1.553581 7.078682 -32.267063
v 1.940578 6.767775 -32.267063
v 2.258175 6.388934 -32.267063
v 2.494179 5.956717 -32.267063
v 2.639503 5.487734 -32.267063
v 2.688576 5.000009 -32.267063
v -2.369987 5.487734 -32.267063
v -2.419060 5.000009 -32.267063
v -2.224663 5.956717 -32.267063
v -1.988659 6.388934 -32.267063
v -1.671062 6.767775 -32.267063
v -1.284065 7.078682 -32.267063
v -0.842545 7.309707 -32.267063
v -0.363464 7.451971 -32.267063
v -50.000008 0.000004 50.000000
v 49.999992 0.000004 50.000004
v -50.000008 -0.000004 -50.000000
v 49.999996 -0.000004 -49.999996
v -50.000008 -0.250000 2.500000
v 49.999992 -0.250000 2.500000
v 49.999992 -0.250000 -2.750000
v -50.000008 -0.250000 -2.750000
v -2.500011 -0.249996 50.000000
v -2.500004 -0.250004 -50.000000
v -2.500008 0.000000 2.500000
v -2.500008 -0.000000 -2.750000
v 2.749992 -0.249996 50.000000
v 2.749996 -0.250004 -50.000000
v 2.749996 0.000000 2.500000
v 2.749996 -0.000000 -2.750000
v -50.000008 -0.750000 2.500000
v -50.000008 -0.499996 50.000000
v 2.749992 -0.749996 50.000000
v 49.999992 -0.499996 50.000004
v 49.999992 -0.750000 -2.750000
v 49.999996 -0.500004 -49.999996
v -2.500004 -0.750004 -50.000000
v -50.000008 -0.500004 -50.000000
v -50.000008 -0.750000 -2.750000
v 49.999992 -0.750000 2.500000
v -2.500008 -0.750000 2.500000
v -2.500008 -0.750000 -2.750000
v -2.500011 -0.749996 50.000000
v 2.749996 -0.750004 -50.000000
v 2.749996 -0.750000 2.500000
v 2.749996 -0.750000 -2.750000
v 49.999992 -0.250000 -5.112502
v -50.000008 -0.250000 -5.112501
v -2.500008 -0.000000 -5.112502
v 2.749996 -0.000000 -5.112502
v 49.999992 -0.750000 -5.112502
v -50.000008 -0.750000 -5.112501
v -2.500008 -0.750000 -5.112502
v 2.749996 -0.750000 -5.112502
v -50.000008 -0.250000 4.875000
v 49.999992 -0.250000 4.875000
v -2.500008 0.000000 4.875000
v 2.749996 0.000000 4.875000
v -50.000008 -0.750000 4.875000
v 49.999992 -0.750000 4.875000
v -2.500008 -0.750000 4.875000
v 2.749996 -0.750000 4.875000
v 5.112495 -0.249996 50.000000
v 5.112499 -0.250004 -50.000000
v 5.112495 0.000000 2.500000
v 5.112495 -0.000000 -2.750000
v 5.112495 -0.749996 50.000000
v 5.112499 -0.750004 -50.000000
v 5.112495 -0.750000 2.500000
v 5.112495 -0.750000 -2.750000
v 5.112495 -0.750000 -5.112502
v 5.112495 -0.750000 4.875000
v -4.875004 -0.250004 -50.000000
v -4.875008 0.000000 2.500000
v -4.875008 -0.000000 -2.750000
v -4.875008 -0.249996 50.000000
v -4.875004 -0.750004 -50.000000
v -4.875008 -0.750000 2.500000
v -4.875008 -0.750000 -2.750000
v -4.875008 -0.749996 50.000000
v -4.875008 -0.750000 -5.112502
v -4.875008 -0.750000 4.875000
v -50.000008 0.250000 4.875000
v -50.000008 0.500004 50.000000
v 5.112495 0.250004 50.000000
v 49.999992 0.500004 50.000004
v 49.999992 0.250000 -5.112502
v 49.999996 0.499996 -49.999996
v -4.875004 0.249996 -50.000000
v -50.000008 0.499996 -50.000000
v 49.999992 0.250000 4.875000
v 49.999992 0.250000 2.500000
v -4.875008 0.500000 2.500000
v -50.000008 0.250000 2.500000
v -50.000008 0.250000 -5.112501
v -50.000008 0.250000 -2.750000
v -4.875008 0.500000 -2.750000
v -4.875008 0.250004 50.000000
v -2.500011 0.250004 50.000000
v -2.500008 0.500000 4.875000
v -2.500008 0.500000 2.500000
v -2.500008 0.500000 -5.112502
v -2.500004 0.249996 -50.000000
v 5.112499 0.249996 -50.000000
v 2.749996 0.249996 -50.000000
v 5.112495 0.500000 2.500000
v 2.749996 0.500000 2.500000
v 5.112495 0.500000 -2.750000
v 2.749996 0.500000 -2.750000
v 2.749996 0.500000 4.875000
v 2.749996 0.500000 -5.112502
v 49.999992 0.250000 -2.750000
v -2.500008 0.500000 -2.750000
v -4.875008 0.500000 -5.112502
v 5.112495 0.500000 -5.112502
v 2.749992 0.250004 50.000000
v -4.875008 0.500000 4.875000
v 5.112495 0.500000 4.875000
v -1.463184 1.333331 -32.644119
v -0.000008 1.333331 -32.500008
v -2.870132 1.333331 -33.070915
v -4.166786 1.333331 -33.763988
v -5.303307 1.333330 -34.696712
v -6.236031 1.333330 -35.833233
v -6.929100 1.333330 -37.129887
v -7.355896 1.333330 -38.536831
v -7.500008 1.333330 -40.000008
v -7.355896 1.333330 -41.463188
v -6.929100 1.333330 -42.870136
v -6.236031 1.333331 -44.166790
v -5.303307 1.333331 -45.303307
v -4.166782 1.333331 -46.236034
v -2.870132 1.333330 -46.929100
v -1.463181 1.333330 -47.355892
v -0.000004 1.333330 -47.500008
v 1.463173 1.333330 -47.355892
v 2.870125 1.333330 -46.929100
v 4.166775 1.333331 -46.236034
v 5.303295 1.333331 -45.303307
v 6.236019 1.333331 -44.166790
v 6.929085 1.333330 -42.870136
v 7.355881 1.333330 -41.463188
v 7.499992 1.333330 -40.000008
v 7.355881 1.333330 -38.536831
v 6.929085 1.333330 -37.129887
v 6.236015 1.333330 -35.833233
v 5.303291 1.333330 -34.696712
v 4.166771 1.333331 -33.763988
v 2.870121 1.333331 -33.070915
v 1.463169 1.333331 -32.644119
v -1.463184 -0.666670 -32.644119
v -0.000008 -0.666670 -32.500008
v -2.870132 -0.666670 -33.070915
v -4.166786 -0.666670 -33.763988
v -5.303307 -0.666670 -34.696712
v -6.236031 -0.666670 -35.833233
v -6.929100 -0.666670 -37.129887
v -7.355896 -0.666670 -38.536831
v -7.500008 -0.666670 -40.000008
v -7.355896 -0.666670 -41.463188
v -6.929100 -0.666670 -42.870136
v -6.236031 -0.666670 -44.166790
v -5.303307 -0.666669 -45.303307
v -4.166782 -0.666670 -46.236034
v -2.870132 -0.666670 -46.929100
v -1.463181 -0.666670 -47.355892
v -0.000004 -0.666670 -47.500008
v 1.463173 -0.666670 -47.355892
v 2.870125 -0.666670 -46.929100
v 4.166775 -0.666670 -46.236034
v 5.303295 -0.666669 -45.303307
v 6.236019 -0.666670 -44.166790
v 6.929085 -0.666670 -42.870136
v 7.355881 -0.666670 -41.463188
v 7.499992 -0.666670 -40.000008
v 7.355881 -0.666670 -38.536831
v 6.929085 -0.666670 -37.129887
v 6.236015 -0.666670 -35.833233
v 5.303291 -0.666670 -34.696712
v 4.166771 -0.666670 -33.763988
v 2.870121 -0.666670 -33.070915
v 1.463169 -0.666670 -32.644119
v -0.975456 0.833330 -35.096081
v -0.000008 0.833330 -35.000008
v -1.913425 0.833330 -35.380611
v -2.777859 0.833330 -35.842663
v -3.535545 0.833330 -36.464474
v -4.157352 0.833330 -37.222157
v -4.619404 0.833330 -38.086594
v -4.903931 0.833330 -39.024555
v -5.000008 0.833330 -40.000008
v -4.903931 0.833330 -40.975460
v -4.619404 0.833330 -41.913425
v -4.157356 0.833330 -42.777859
v -3.535545 0.833331 -43.535542
v -2.777855 0.833331 -44.157356
v -1.913422 0.833331 -44.619404
v -0.975460 0.833331 -44.903934
v -0.000004 0.833331 -45.000008
v 0.975449 0.833331 -44.903934
v 1.913410 0.833331 -44.619404
v 2.777847 0.833331 -44.157356
v 3.535526 0.833331 -43.535542
v 4.157341 0.833330 -42.777859
v 4.619392 0.833330 -41.913425
v 4.903915 0.833330 -40.975460
v 4.999992 0.833330 -40.000008
v 4.903915 0.833330 -39.024555
v 4.619392 0.833330 -38.086594
v 4.157341 0.833330 -37.222157
v 3.535526 0.833330 -36.464474
v 2.777843 0.833330 -35.842663
v 1.913406 0.833330 -35.380611
v 0.975445 0.833330 -35.096081
v -0.975456 0.333330 -35.096081
v -0.000008 0.333330 -35.000008
v -1.913425 0.333330 -35.380611
v -2.777859 0.333330 -35.842663
v -3.535545 0.333330 -36.464474
v -4.157352 0.333330 -37.222157
v -4.619404 0.333330 -38.086594
v -4.903931 0.333330 -39.024555
v -5.000008 0.333330 -40.000008
v -4.903931 0.333330 -40.975460
v -4.619404 0.333330 -41.913425
v -4.157356 0.333330 -42.777859
v -3.535545 0.333331 -43.535542
v -2.777855 0.333331 -44.157356
v -1.913422 0.333331 -44.619404
v -0.975460 0.333331 -44.903934
v -0.000004 0.333331 -45.000008
v 0.975449 0.333331 -44.903934
v 1.913410 0.333331 -44.619404
v 2.777847 0.333331 -44.157356
v 3.535526 0.333331 -43.535542
v 4.157341 0.333330 -42.777859
v 4.619392 0.333330 -41.913425
v 4.903915 0.333330 -40.975460
v 4.999992 0.333330 -40.000008
v 4.903915 0.333330 -39.024555
v 4.619392 0.333330 -38.086594
v 4.157341 0.333330 -37.222157
v 3.535526 0.333330 -36.464474
v 2.777843 0.333330 -35.842663
v 1.913406 0.333330 -35.380611
v 0.975445 0.333330 -35.096081
v 49.999992 0.500000 4.875000
v 49.999992 0.500000 2.500000
v -4.875008 0.500000 2.500000
v -50.000008 0.500000 2.500000
v -50.000008 0.500000 -5.112501
v -50.000008 0.500000 -2.750000
v -4.875008 0.500000 -2.750000
v -4.875008 0.500004 50.000000
v -2.500011 0.500004 50.000000
v -2.500008 0.500000 4.875000
v -2.500008 0.500000 2.500000
v -2.500008 0.500000 -5.112502
v -2.500004 0.499996 -50.000000
v 5.112499 0.499996 -50.000000
v 2.749996 0.499996 -50.000000
v 5.112495 0.500000 2.500000
v 2.749996 0.500000 2.500000
v 5.112495 0.500000 -2.750000
v 2.749996 0.500000 -2.750000
v 2.749996 0.500000 4.875000
v 2.749996 0.500000 -5.112502
v 49.999992 0.500000 -2.750000
v 49.999992 0.500000 -5.112502
v -2.500008 0.500000 -2.750000
v -4.875008 0.500000 -5.112502
v 5.112495 0.500000 -5.112502
v -50.000008 0.500000 4.875000
v 2.749992 0.500004 50.000000
v -4.875008 0.500000 4.875000
v 5.112495 0.500000 4.875000
v 5.112495 0.500004 50.000000
v -4.875004 0.499996 -50.000000
v 0.367321 1.116389 -40.549755
v 0.367321 1.050272 -40.549755
v 0.253014 1.116389 -40.610855
v 0.253014 1.050272 -40.610855
v -0.648476 1.116389 -39.871025
v -0.661179 1.116389 -40.000011
v 0.549736 1.116389 -40.367336
v 0.610836 1.116389 -40.253029
v -0.648476 1.116389 -40.128998
v 0.648460 1.116389 -40.128998
v -0.610847 1.116389 -40.253029
v 0.661163 1.116389 -40.000011
v -0.549751 1.116389 -40.367336
v 0.648460 1.116389 -39.871025
v -0.467525 1.116389 -40.467529
v 0.610836 1.116389 -39.746990
v -0.367332 1.116389 -40.549755
v 0.549736 1.116389 -39.632683
v -0.253025 1.116389 -40.610855
v -0.000008 1.116389 -39.338844
v -0.128994 1.116389 -39.351547
v 0.467510 1.116389 -39.532497
v -0.128994 1.116389 -40.648479
v -0.253025 1.116389 -39.389172
v 0.367321 1.116389 -39.450272
v -0.000008 1.116389 -40.661182
v -0.367332 1.116389 -39.450272
v 0.253014 1.116389 -39.389172
v 0.128979 1.116389 -40.648479
v -0.467525 1.116389 -39.532497
v 0.128979 1.116389 -39.351547
v -0.549751 1.116389 -39.632683
v -0.610847 1.116389 -39.746990
v 0.467510 1.116389 -40.467529
v 0.367321 1.050272 -39.450272
v 0.253014 1.050272 -39.389172
v -0.610847 1.050272 -39.746990
v -0.549751 1.050272 -39.632683
v 0.467510 1.050272 -40.467529
v -0.648476 1.050272 -39.871025
v 0.549736 1.050272 -40.367336
v -0.661179 1.050272 -40.000011
v 0.610836 1.050272 -40.253029
v -0.648476 1.050272 -40.128998
v 0.648460 1.050272 -40.128998
v -0.610847 1.050272 -40.253029
v 0.661163 1.050272 -40.000011
v -0.549751 1.050272 -40.367336
v 0.648460 1.050272 -39.871025
v -0.467525 1.050272 -40.467529
v 0.610836 1.050272 -39.746990
v -0.367332 1.050272 -40.549755
v 0.549736 1.050272 -39.632683
v -0.253025 1.050272 -40.610855
v -0.128994 1.050272 -39.351547
v -0.000008 1.050272 -39.338844
v 0.467510 1.050272 -39.532497
v -0.128994 1.050272 -40.648479
v -0.253025 1.050272 -39.389172
v -0.000008 1.050272 -40.661182
v -0.367332 1.050272 -39.450272
v 0.128979 1.050272 -40.648479
v -0.467525 1.050272 -39.532497
v 0.128979 1.050272 -39.351547
v -4.875004 -0.250005 -64.999992
v -4.875004 0.249995 -64.999992
v -2.500008 -0.250005 -64.999992
v -2.500008 0.249995 -64.999992
v 2.749996 -0.250005 -64.999992
v 5.112499 -0.250005 -64.999992
v 2.749996 0.249995 -64.999992
v 5.112499 0.249995 -64.999992
v -2.500008 -0.000005 -64.999992
v 2.749996 -0.000005 -64.999992
v -2.500008 -0.500005 -64.999992
v 2.749996 -0.500005 -64.999992
v -65.000008 -0.250000 -2.750000
v -65.000008 0.250000 -2.750000
v -65.000008 -0.250000 -5.112501
v -65.000008 0.250000 -5.112501
v -65.000008 -0.500000 -2.750000
v -65.000008 -0.250000 2.500000
v -65.000008 -0.500000 2.500000
v -65.000008 -0.250000 4.875000
v -65.000008 0.250000 2.500000
v -65.000008 0.250000 4.875000
v -2.500004 -0.249995 65.000008
v -4.875008 -0.249995 65.000008
v -2.500004 -0.499995 65.000008
v 2.749992 -0.249995 65.000008
v 2.749992 -0.499995 65.000008
v 5.112495 -0.249995 65.000008
v -2.500004 0.250005 65.000008
v -4.875008 0.250005 65.000008
v 5.112495 0.250005 65.000008
v 2.749992 0.250005 65.000008
v 64.999992 -0.250000 2.500000
v 64.999992 -0.250000 -2.750000
v 64.999992 -0.500000 -2.750000
v 64.999992 -0.500000 2.500000
v 64.999992 -0.250000 4.875000
v 64.999992 -0.250000 -5.112502
v 64.999992 0.250000 -5.112502
v 64.999992 0.250000 -2.750000
v 64.999992 0.250000 2.500000
v 64.999992 0.250000 4.875000
v -4.903931 10.833331 -39.024555
v -0.648476 11.050272 -39.871025
v 1.913410 11.333331 -44.619404
v 2.777847 11.333331 -44.157356
v 4.157341 10.833331 -37.222157
v 0.549736 11.050272 -39.632683
v 1.913410 10.833330 -44.619404
v 2.777847 10.833330 -44.157356
v -4.166782 11.333331 -46.236034
v -2.870132 11.333331 -46.929100
v -4.903931 11.333331 -39.024555
v -7.355896 11.333331 -38.536831
v -5.000008 11.333330 -40.000008
v -7.500008 11.333330 -40.000008
v 4.157341 11.333330 -42.777859
v 6.236019 11.333331 -44.166790
v 4.619392 11.333330 -41.913425
v 6.929085 11.333330 -42.870136
v -4.903931 11.333330 -40.975460
v -7.355896 11.333330 -41.463188
v 4.903915 11.333330 -40.975460
v 7.355881 11.333330 -41.463188
v -4.619404 11.333330 -41.913425
v -6.929100 11.333330 -42.870136
v 4.999992 11.333330 -40.000008
v 7.499992 11.333330 -40.000008
v -4.157356 11.333330 -42.777859
v -6.236031 11.333331 -44.166790
v 4.903915 11.333331 -39.024555
v 7.355881 11.333331 -38.536831
v -3.535545 11.333331 -43.535542
v -5.303307 11.333331 -45.303307
v 4.619392 11.333331 -38.086594
v 6.929085 11.333331 -37.129887
v -2.777855 11.333331 -44.157356
v 4.157341 11.333331 -37.222157
v 6.236015 11.333331 -35.833233
v -1.913422 11.333331 -44.619404
v -0.000008 11.333331 -35.000008
v -0.000008 11.333331 -32.500008
v -0.975456 11.333331 -35.096081
v -1.463184 11.333331 -32.644119
v 3.535526 11.333331 -36.464474
v 5.303291 11.333331 -34.696712
v -0.975460 11.333331 -44.903934
v -1.463181 11.333331 -47.355892
v -1.913425 11.333331 -35.380611
v -2.870132 11.333331 -33.070915
v 2.777843 11.333331 -35.842663
v 4.166771 11.333331 -33.763988
v -0.000004 11.333331 -45.000008
v -0.000004 11.333331 -47.500008
v -2.777859 11.333331 -35.842663
v -4.166786 11.333331 -33.763988
v 1.913406 11.333331 -35.380611
v 2.870121 11.333331 -33.070915
v 0.975449 11.333331 -44.903934
v 1.463173 11.333331 -47.355892
v -3.535545 11.333331 -36.464474
v -5.303307 11.333331 -34.696712
v 0.975445 11.333331 -35.096081
v 1.463169 11.333331 -32.644119
v 2.870125 11.333331 -46.929100
v -4.157352 11.333331 -37.222157
v -6.236031 11.333331 -35.833233
v 4.166775 11.333331 -46.236034
v -4.619404 11.333331 -38.086594
v -6.929100 11.333331 -37.129887
v 3.535526 11.333331 -43.535542
v 5.303295 11.333331 -45.303307
v 2.777843 10.833331 -35.842663
v 1.913406 10.833331 -35.380611
v -0.367332 11.116390 -39.450272
v -0.253025 11.116390 -39.389172
v -4.157352 10.833331 -37.222157
v -4.619404 10.833331 -38.086594
v 0.253014 11.050272 -40.610855
v 3.535526 10.833330 -43.535542
v 0.367321 11.050272 -40.549755
v 0.467510 11.050272 -40.467529
v 4.157341 10.833330 -42.777859
v -0.367332 11.116389 -40.549755
v -5.000008 10.833330 -40.000008
v -0.467525 11.116389 -40.467529
v 4.619392 10.833330 -41.913425
v -2.777855 10.833330 -44.157356
v -0.367332 11.050272 -40.549755
v -4.903931 10.833330 -40.975460
v -0.610847 11.116389 -39.746990
v 4.903915 10.833330 -40.975460
v -0.549751 11.116389 -39.632683
v -4.619404 10.833330 -41.913425
v 0.253014 11.050273 -39.389172
v 4.999992 10.833330 -40.000008
v 0.975445 10.833331 -35.096081
v 0.128979 11.050273 -39.351547
v -4.157356 10.833330 -42.777859
v 0.610836 11.116389 -40.253029
v 4.903915 10.833331 -39.024555
v 0.549736 11.116389 -40.367336
v -3.535545 10.833330 -43.535542
v -0.549751 11.050272 -39.632683
v 4.619392 10.833331 -38.086594
v -0.610847 11.050272 -39.746990
v 0.648460 11.050272 -39.871025
v 0.610836 11.050272 -39.746990
v -1.913422 10.833330 -44.619404
v -0.000008 11.116389 -40.661182
v -0.128994 11.116389 -40.648479
v -0.975456 10.833331 -35.096081
v -0.000008 10.833331 -35.000008
v -0.367332 11.050273 -39.450272
v -2.777859 10.833331 -35.842663
v 3.535526 10.833331 -36.464474
v -3.535545 10.833331 -36.464474
v -0.467525 11.050272 -39.532497
v -0.975460 10.833330 -44.903934
v 0.610836 11.116389 -39.746990
v -1.913425 10.833331 -35.380611
v 0.648460 11.116389 -39.871025
v -0.549751 11.050272 -40.367336
v -0.000004 10.833330 -45.000008
v -0.467525 11.050272 -40.467529
v -0.000008 11.116390 -39.338844
v 0.128979 11.116390 -39.351547
v 0.975449 10.833330 -44.903934
v -0.000008 11.050272 -40.661182
v 0.128979 11.050272 -40.648479
v 0.253014 11.116389 -40.610855
v 0.367321 11.116389 -40.549755
v -0.648476 11.116389 -39.871025
v -0.661179 11.116389 -40.000011
v -0.648476 11.116389 -40.128998
v 0.648460 11.116389 -40.128998
v -0.610847 11.116389 -40.253029
v 0.661163 11.116389 -40.000011
v -0.549751 11.116389 -40.367336
v 0.549736 11.116389 -39.632683
v -0.253025 11.116389 -40.610855
v -0.128994 11.116390 -39.351547
v 0.467510 11.116389 -39.532497
v 0.367321 11.116390 -39.450272
v 0.253014 11.116390 -39.389172
v 0.128979 11.116389 -40.648479
v -0.467525 11.116389 -39.532497
v 0.467510 11.116389 -40.467529
v 0.367321 11.050273 -39.450272
v 0.549736 11.050272 -40.367336
v -0.661179 11.050272 -40.000011
v 0.610836 11.050272 -40.253029
v -0.648476 11.050272 -40.128998
v 0.648460 11.050272 -40.128998
v -0.610847 11.050272 -40.253029
v 0.661163 11.050272 -40.000011
v -0.253025 11.050272 -40.610855
v -0.128994 11.050273 -39.351547
v -0.000008 11.050273 -39.338844
v 0.467510 11.050272 -39.532497
v -0.128994 11.050272 -40.648479
v -0.253025 11.050273 -39.389172
v 45.649967 0.000000 -4.500000
v 45.649967 7.000000 -4.500000
v 54.649967 0.000000 -4.500000
v 54.649967 7.000000 -4.500000
v 45.649967 0.000000 4.500000
v 45.649967 7.000000 4.500000
v 54.649967 0.000000 4.500000
v 54.649967 7.000000 4.500000
v 54.649956 11.500000 0.000000
v 45.649956 11.500000 -0.000000
v 54.649956 11.413535 0.877907
v 45.649956 11.413534 0.877906
v 54.649956 11.157459 1.722076
v 45.649956 11.157457 1.722075
v 54.649956 10.741614 2.500067
v 45.649956 10.741614 2.500066
v 54.649956 10.181980 3.181981
v 45.649956 10.181980 3.181980
v 54.649956 9.500067 3.741614
v 45.649956 9.500065 3.741613
v 54.649956 8.722076 4.157458
v 45.649956 8.722075 4.157458
v 54.649956 7.877907 4.413534
v 45.649956 7.877907 4.413534
v 54.649956 7.000000 4.500000
v 45.649956 7.000000 4.500000
v 54.649956 6.122094 4.413534
v 45.649956 6.122094 4.413534
v 54.649956 5.277925 4.157458
v 45.649956 5.277925 4.157458
v 54.649956 4.499935 3.741614
v 45.649956 4.499934 3.741613
v 54.649956 3.818020 3.181981
v 45.649956 3.818019 3.181980
v 54.649956 3.258387 2.500066
v 45.649956 3.258387 2.500066
v 54.649956 2.842543 1.722076
v 45.649956 2.842542 1.722075
v 54.649956 2.586467 0.877907
v 45.649956 2.586466 0.877906
v 54.649956 2.500000 0.000000
v 45.649956 2.500000 -0.000000
v 54.649956 2.586467 -0.877906
v 45.649956 2.586466 -0.877907
v 54.649956 2.842543 -1.722075
v 45.649956 2.842542 -1.722076
v 54.649956 3.258387 -2.500066
v 45.649956 3.258386 -2.500066
v 54.649956 3.818020 -3.181980
v 45.649956 3.818019 -3.181981
v 54.649956 4.499934 -3.741613
v 45.649956 4.499933 -3.741613
v 54.649956 5.277925 -4.157458
v 45.649956 5.277924 -4.157458
v 54.649956 6.122094 -4.413534
v 45.649956 6.122093 -4.413533
v 54.649956 7.000000 -4.500000
v 45.649956 6.999999 -4.500000
v 54.649956 7.877907 -4.413534
v 45.649956 7.877907 -4.413534
v 54.649956 8.722076 -4.157458
v 45.649956 8.722076 -4.157458
v 54.649956 9.500067 -3.741613
v 45.649956 9.500067 -3.741613
v 54.649956 10.181981 -3.181980
v 45.649956 10.181980 -3.181980
v 54.649956 10.741614 -2.500066
v 45.649956 10.741614 -2.500066
v 54.649956 11.157459 -1.722076
v 45.649956 11.157457 -1.722076
v 54.649956 11.413535 -0.877906
v 45.649956 11.413534 -0.877907
v -4.350037 0.000000 54.500004
v -4.350037 7.000000 54.500004
v -4.350037 0.000000 45.500004
v -4.350037 7.000000 45.500004
v 4.649963 0.000000 54.500004
v 4.649963 7.000000 54.500004
v 4.649963 0.000000 45.500004
v 4.649963 7.000000 45.500004
v 0.149967 11.500000 45.500008
v 0.149967 11.500000 54.500008
v 1.027870 11.413534 45.500008
v 1.027870 11.413534 54.500008
v 1.872040 11.157457 45.500008
v 1.872040 11.157457 54.500008
v 2.650032 10.741613 45.500008
v 2.650032 10.741613 54.500008
v 3.331944 10.181981 45.500008
v 3.331944 10.181980 54.500008
v 3.891579 9.500067 45.500008
v 3.891579 9.500065 54.500008
v 4.307423 8.722076 45.500008
v 4.307423 8.722075 54.500008
v 4.563499 7.877907 45.500008
v 4.563499 7.877907 54.500008
v 4.649963 7.000000 45.500008
v 4.649963 6.999999 54.500008
v 4.563499 6.122094 45.500008
v 4.563499 6.122094 54.500008
v 4.307423 5.277925 45.500008
v 4.307423 5.277924 54.500008
v 3.891579 4.499935 45.500008
v 3.891579 4.499934 54.500008
v 3.331944 3.818020 45.500008
v 3.331944 3.818019 54.500008
v 2.650032 3.258388 45.500008
v 2.650032 3.258387 54.500008
v 1.872040 2.842543 45.500008
v 1.872040 2.842542 54.500008
v 1.027870 2.586467 45.500008
v 1.027870 2.586466 54.500008
v 0.149967 2.500000 45.500008
v 0.149967 2.500000 54.500008
v -0.727943 2.586467 45.500008
v -0.727943 2.586466 54.500008
v -1.572113 2.842543 45.500008
v -1.572113 2.842542 54.500008
v -2.350101 3.258388 45.500008
v -2.350101 3.258387 54.500008
v -3.032017 3.818020 45.500008
v -3.032017 3.818019 54.500008
v -3.591652 4.499935 45.500008
v -3.591648 4.499934 54.500008
v -4.007492 5.277925 45.500008
v -4.007492 5.277924 54.500008
v -4.263573 6.122094 45.500008
v -4.263569 6.122094 54.500008
v -4.350037 7.000000 45.500008
v -4.350037 6.999999 54.500008
v -4.263573 7.877907 45.500008
v -4.263569 7.877907 54.500008
v -4.007492 8.722076 45.500008
v -4.007492 8.722075 54.500008
v -3.591652 9.500067 45.500008
v -3.591648 9.500065 54.500008
v -3.032017 10.181981 45.500008
v -3.032017 10.181980 54.500008
v -2.350101 10.741613 45.500008
v -2.350101 10.741613 54.500008
v -1.572113 11.157457 45.500008
v -1.572113 11.157457 54.500008
v -0.727943 11.413534 45.500008
v -0.727943 11.413534 54.500008
v -54.350029 0.000000 -4.500000
v -54.350029 7.000000 -4.500000
v -45.350029 0.000000 -4.500000
v -45.350029 7.000000 -4.500000
v -54.350029 0.000000 4.500000
v -54.350029 7.000000 4.500000
v -45.350029 0.000000 4.500000
v -45.350029 7.000000 4.500000
v -45.350044 11.500000 0.000000
v -54.350044 11.500000 -0.000000
v -45.350044 11.413535 0.877907
v -54.350044 11.413534 0.877906
v -45.350044 11.157459 1.722076
v -54.350044 11.157457 1.722075
v -45.350044 10.741614 2.500067
v -54.350044 10.741614 2.500066
v -45.350044 10.181980 3.181981
v -54.350044 10.181980 3.181980
v -45.350044 9.500067 3.741614
v -54.350044 9.500065 3.741613
v -45.350044 8.722076 4.157457
v -54.350044 8.722075 4.157458
v -45.350044 7.877907 4.413534
v -54.350044 7.877907 4.413534
v -45.350044 7.000000 4.500000
v -54.350044 7.000000 4.500000
v -45.350044 6.122094 4.413534
v -54.350044 6.122094 4.413534
v -45.350044 5.277925 4.157457
v -54.350044 5.277925 4.157458
v -45.350044 4.499935 3.741614
v -54.350044 4.499934 3.741613
v -45.350044 3.818020 3.181981
v -54.350044 3.818019 3.181980
v -45.350044 3.258387 2.500067
v -54.350044 3.258387 2.500066
v -45.350044 2.842543 1.722076
v -54.350044 2.842542 1.722075
v -45.350044 2.586467 0.877907
v -54.350044 2.586466 0.877906
v -45.350044 2.500000 0.000000
v -54.350044 2.500000 -0.000000
v -45.350044 2.586467 -0.877906
v -54.350044 2.586466 -0.877907
v -45.350044 2.842543 -1.722075
v -54.350044 2.842542 -1.722076
v -45.350044 3.258387 -2.500066
v -54.350044 3.258386 -2.500067
v -45.350044 3.818020 -3.181980
v -54.350044 3.818019 -3.181981
v -45.350044 4.499934 -3.741612
v -54.350044 4.499933 -3.741613
v -45.350044 5.277925 -4.157458
v -54.350044 5.277924 -4.157458
v -45.350044 6.122094 -4.413534
v -54.350044 6.122093 -4.413534
v -45.350044 7.000000 -4.500000
v -54.350044 6.999999 -4.500000
v -45.350044 7.877907 -4.413534
v -54.350044 7.877907 -4.413534
v -45.350044 8.722076 -4.157458
v -54.350044 8.722076 -4.157458
v -45.350044 9.500067 -3.741613
v -54.350044 9.500067 -3.741613
v -45.350044 10.181981 -3.181980
v -54.350044 10.181980 -3.181981
v -45.350044 10.741614 -2.500066
v -54.350044 10.741614 -2.500066
v -45.350044 11.157459 -1.722075
v -54.350044 11.157457 -1.722076
v -45.350044 11.413535 -0.877906
v -54.350044 11.413534 -0.877907
v -2.419060 0.000009 -31.983976
v -2.419060 5.000008 -31.983976
v 2.688576 5.000008 -31.983976
v 2.688576 0.000009 -31.983976
v 0.632980 7.451971 -31.983971
v 0.134758 7.500009 -31.983971
v 1.112061 7.309707 -31.983971
v 1.553581 7.078682 -31.983971
v 1.940578 6.767775 -31.983971
v 2.258175 6.388933 -31.983971
v 2.494179 5.956717 -31.983971
v 2.639503 5.487734 -31.983971
v 2.688576 5.000008 -31.983971
v -2.369987 5.487734 -31.983971
v -2.419060 5.000008 -31.983971
v -2.224663 5.956717 -31.983971
v -1.988659 6.388933 -31.983971
v -1.671062 6.767775 -31.983971
v -1.284065 7.078682 -31.983971
v -0.842545 7.309707 -31.983971
v -0.363464 7.451971 -31.983971
v -49.449890 -0.250000 49.449883
v 49.449875 -0.250000 49.449886
v -49.449890 -0.250000 -49.449883
v 49.449879 -0.250000 -49.449879
v -65.768349 -0.250000 -65.768349
v -65.768349 -0.250000 65.768349
v 65.768341 -0.250000 65.768349
v 65.768341 -0.250000 -65.768349
v -49.449890 11.996846 -49.449883
v -49.449890 11.996846 49.449883
v 49.449875 11.996846 49.449886
v 49.449879 11.996846 -49.449879
v -65.768349 11.996846 -65.768349
v -65.768349 11.996846 65.768349
v 65.768341 11.996846 65.768349
v 65.768341 11.996846 -65.768349
v 45.622719 0.000000 -2.506037
v 45.622719 5.059705 -2.506037
v 45.622719 5.059705 2.185229
v 45.622719 0.000000 2.185229
v 45.622711 7.311790 0.297206
v 45.622711 7.355911 -0.160405
v 45.622711 7.181122 0.737230
v 45.622711 6.968930 1.142759
v 45.622711 6.683368 1.498209
v 45.622711 6.335409 1.789918
v 45.622711 5.938425 2.006678
v 45.622711 5.507673 2.140158
v 45.622711 5.059705 2.185229
v 45.622711 5.507673 -2.460967
v 45.622711 5.059705 -2.506037
v 45.622711 5.938425 -2.327487
v 45.622711 6.335409 -2.110727
v 45.622711 6.683368 -1.819018
v 45.622711 6.968930 -1.463569
v 45.622711 7.181122 -1.058040
v 45.622711 7.311790 -0.618015
v 2.461349 5.059705 43.149567
v 2.461349 0.000000 43.149567
v -2.229916 0.000000 43.149567
v -2.229916 5.059705 43.149567
v -0.341892 7.311790 43.149563
v 0.115719 7.355910 43.149563
v -0.781918 7.181122 43.149563
v -1.187447 6.968930 43.149563
v -1.542892 6.683368 43.149563
v -1.834602 6.335409 43.149563
v -2.051365 5.938425 43.149563
v -2.184845 5.507673 43.149563
v -2.229916 5.059705 43.149563
v 2.416283 5.507673 43.149563
v 2.461349 5.059705 43.149563
v 2.282799 5.938425 43.149563
v 2.066040 6.335409 43.149563
v 1.774330 6.683368 43.149563
v 1.418880 6.968930 43.149563
v 1.013355 7.181122 43.149563
v 0.573330 7.311790 43.149563
v -44.665039 5.059705 2.291817
v -44.665039 0.000001 2.291817
v -44.665039 0.000001 -2.399450
v -44.665039 5.059705 -2.399450
v -44.665031 7.311790 -0.511427
v -44.665031 7.355910 -0.053816
v -44.665031 7.181122 -0.951453
v -44.665031 6.968930 -1.356979
v -44.665031 6.683368 -1.712427
v -44.665031 6.335409 -2.004137
v -44.665031 5.938425 -2.220898
v -44.665031 5.507673 -2.354379
v -44.665031 5.059705 -2.399450
v -44.665031 5.507673 2.246747
v -44.665031 5.059705 2.291817
v -44.665031 5.938425 2.113266
v -44.665031 6.335409 1.896505
v -44.665031 6.683368 1.604795
v -44.665031 6.968930 1.249346
v -44.665031 7.181122 0.843820
v -44.665031 7.311790 0.403795
v -7.355896 -0.250000 49.449883
v -7.355896 -0.250000 -49.449883
v -9.783340 -0.250000 65.768349
v -9.783348 -0.250000 -65.768341
v -7.355896 11.996846 49.449883
v -7.355896 11.996846 -49.449883
v -9.783340 11.996846 65.768349
v -9.783348 11.996846 -65.768341
v 7.499989 -0.250000 49.449883
v 9.974991 -0.250000 65.768349
v 7.499989 11.996846 49.449883
v 9.974991 11.996846 65.768349
v 7.499996 -0.250000 -49.449883
v 9.974995 -0.250000 -65.768349
v 7.499996 11.996846 -49.449883
v 9.974995 11.996846 -65.768349
v 7.355885 -0.666671 -41.463188
v -7.355896 -0.666671 -41.463188
v 7.355885 11.333330 -41.463188
v -7.355896 11.333330 -41.463188
v 7.499996 0.249321 -49.423832
v -7.355896 0.249321 -49.423832
v 7.355885 -0.167350 -41.437138
v -7.355896 -0.167350 -41.437138
v -65.587143 0.000000 3.000000
v -65.587143 6.000000 3.000000
v -65.587143 0.000000 -3.000000
v -65.587143 6.000000 -3.000000
v -45.911072 0.000000 3.000000
v -45.911072 6.000000 3.000000
v -45.911072 0.000000 -3.000000
v -45.911072 6.000000 -3.000000
v -2.911076 0.000000 46.000004
v -2.911076 6.000000 46.000004
v 3.088924 0.000000 46.000004
v 3.088924 6.000000 46.000004
v -2.911076 0.000000 65.476593
v -2.911076 6.000000 65.476593
v 3.088924 0.000000 65.476593
v 3.088924 6.000000 65.476593
v 46.088932 0.000000 3.000000
v 46.088932 6.000000 3.000000
v 46.088932 0.000000 -3.000000
v 46.088932 6.000000 -3.000000
v 65.479752 0.000000 3.000000
v 65.479752 6.000000 3.000000
v 65.479752 0.000000 -3.000000
v 65.479752 6.000000 -3.000000
v -2.911076 0.000000 -65.034416
v -2.911076 6.000000 -65.034416
v 3.088924 0.000000 -65.034416
v 3.088924 6.000000 -65.034416
v -2.911079 0.000000 -34.597378
v -2.911079 6.000000 -34.597378
v 3.088921 0.000000 -34.597378
v 3.088921 6.000000 -34.597378
vn 1.0000 -0.0000 -0.0000
vn -0.0000 0.4792 -0.8777
vn -1.0000 -0.0000 -0.0000
vn -0.0000 0.9954 -0.0960
vn -0.0000 -0.0000 -1.0000
vn -0.0000 0.9586 0.2847
vn -0.0000 0.2960 0.9552
vn -0.0000 -0.0000 1.0000
vn -0.0167 -0.0000 -0.9999
vn -0.0000 0.1001 -0.9950
vn -0.0000 0.8860 -0.4636
vn -0.0000 -1.0000 -0.0000
vn -0.0000 0.6424 0.7663
vn -0.0117 -0.0179 0.9998
vn -0.0000 0.6424 -0.7663
vn -0.0000 0.8860 0.4636
vn -0.0000 0.1001 0.9950
vn -0.0000 0.9954 0.0960
vn -0.0000 0.2960 -0.9552
vn -0.0000 0.9586 -0.2847
vn -0.0000 0.4792 0.8777
vn -0.0000 0.7796 -0.6263
vn -0.0000 0.7796 0.6263
vn 0.0101 -0.9690 0.2469
vn 0.0101 -0.9690 -0.2469
vn -0.0000 -0.0000 -0.0000
vn 0.8777 0.4792 -0.0000
vn 0.0960 0.9954 -0.0000
vn -0.2847 0.9586 -0.0000
vn -0.9552 0.2960 -0.0000
vn -0.0846 0.9964 -0.0000
vn 0.9950 0.1001 -0.0000
vn 0.4636 0.8860 -0.0000
vn -0.7663 0.6424 -0.0000
vn 0.2273 0.9738 -0.0000
vn 0.7663 0.6424 -0.0000
vn -0.4636 0.8860 -0.0000
vn -0.9950 0.1001 -0.0000
vn -0.0960 0.9954 -0.0000
vn 0.9552 0.2960 -0.0000
vn 0.2847 0.9586 -0.0000
vn -0.8777 0.4792 -0.0000
vn 0.6263 0.7796 -0.0000
vn -0.6263 0.7796 -0.0000
vn -0.3500 -0.9327 0.0875
vn 0.3500 -0.9327 0.0875
vn -0.0011 -0.1439 0.9896
vn 0.0022 0.2793 -0.9602
vn -0.0115 -0.9822 -0.1877
vn -0.0219 -0.9339 0.3569
vn 0.6509 0.7592 -0.0000
vn 0.2304 0.9731 -0.0000
vn -0.0841 0.9965 -0.0000
vn 0.1842 -0.9818 -0.0461
vn -0.1842 -0.9818 -0.0461
vn -0.9552 -0.2960 -0.0000
vn 0.8777 -0.4792 -0.0000
vn -0.6263 -0.7796 -0.0000
vn 0.7663 -0.6424 -0.0000
vn -0.7663 -0.6424 -0.0000
vn 0.6263 -0.7796 -0.0000
vn -0.8777 -0.4792 -0.0000
vn 0.4636 -0.8860 -0.0000
vn -0.0000 1.0000 -0.0000
vn 0.2847 -0.9586 -0.0000
vn -0.9950 -0.1001 -0.0000
vn -0.0960 -0.9954 -0.0000
vn 0.0960 -0.9954 -0.0000
vn 0.9950 -0.1001 -0.0000
vn -0.2847 -0.9586 -0.0000
vn 0.9552 -0.2960 -0.0000
vn -0.4636 -0.8860 -0.0000
vn -0.0056 -1.0000 -0.0000
vn -0.0000 -1.0000 0.0056
vn -0.0028 1.0000 0.0028
vn -0.0000 -0.9999 -0.0167
vn -0.0028 1.0000 -0.0028
vn -0.0000 -1.0000 -0.0055
vn 0.0028 1.0000 -0.0028
vn 0.0028 1.0000 0.0028
vn 0.0055 -1.0000 -0.0000
vn 0.7730 -0.0000 0.6344
vn -0.4714 -0.0000 -0.8819
vn 0.2903 -0.0000 0.9569
vn -0.7730 -0.0000 0.6344
vn -0.4714 -0.0000 0.8819
vn 0.9569 -0.0000 -0.2903
vn -0.7730 -0.0000 -0.6344
vn -0.6344 -0.0000 0.7730
vn -0.0980 -0.0000 -0.9952
vn -0.0980 -0.0000 0.9952
vn 0.8819 -0.0000 -0.4714
vn 0.0980 -0.0000 -0.9952
vn 0.7730 -0.0000 -0.6344
vn 0.6344 -0.0000 0.7730
vn -0.2903 -0.0000 0.9569
vn -0.9569 -0.0000 0.2903
vn 0.4714 -0.0000 0.8819
vn -0.2903 -0.0000 -0.9569
vn 0.6344 -0.0000 -0.7730
vn 0.8819 -0.0000 0.4714
vn -0.8819 -0.0000 -0.4714
vn -0.8819 -0.0000 0.4714
vn 0.4714 -0.0000 -0.8819
vn -0.6344 -0.0000 -0.7730
vn 0.0980 -0.0000 0.9952
vn 0.2903 -0.0000 -0.9569
vn -0.9952 -0.0000 0.0980
vn -0.9952 -0.0000 -0.0980
vn -0.9569 -0.0000 -0.2903
vn 0.9952 -0.0000 -0.0980
vn 0.9952 -0.0000 0.0980
vn 0.9569 -0.0000 0.2903
vn -0.2903 -0.0000 0.9570
vn -0.0000 0.9999 0.0167
vn 0.0167 0.9999 -0.0000
vn -0.0000 0.9999 -0.0167
vn -0.0167 0.9999 -0.0000
vn -0.0049 0.9987 0.0499
vn 0.0049 -0.9987 -0.0499
vn 0.0499 -0.9987 -0.0049
vn 0.0237 0.9987 0.0443
vn 0.0480 0.9987 -0.0146
vn -0.0480 0.9987 0.0146
vn -0.0388 -0.9987 0.0318
vn 0.0237 -0.9987 0.0443
vn -0.0237 0.9987 -0.0443
vn -0.0443 0.9987 -0.0237
vn -0.0318 0.9987 0.0388
vn -0.0049 -0.9987 -0.0499
vn 0.0499 0.9987 0.0049
vn 0.0480 -0.9987 -0.0146
vn -0.0443 -0.9987 -0.0237
vn 0.0388 -0.9987 -0.0318
vn 0.0237 0.9987 -0.0443
vn -0.0146 -0.9987 0.0480
vn -0.0318 -0.9987 0.0388
vn 0.0318 0.9987 0.0388
vn 0.0318 -0.9987 0.0388
vn 0.0443 0.9987 -0.0237
vn -0.0146 -0.9987 -0.0480
vn -0.0443 0.9987 0.0237
vn 0.0443 -0.9987 -0.0237
vn -0.0480 -0.9987 -0.0146
vn 0.0049 0.9987 0.0499
vn 0.0318 -0.9987 -0.0388
vn -0.0480 0.9987 -0.0146
vn 0.0388 -0.9987 0.0318
vn -0.0049 0.9987 -0.0499
vn -0.0049 -0.9987 0.0499
vn -0.0388 0.9987 0.0318
vn -0.0443 -0.9987 0.0237
vn 0.0480 0.9987 0.0146
vn -0.0388 -0.9987 -0.0318
vn 0.0049 0.9987 -0.0499
vn 0.0318 0.9987 -0.0388
vn 0.0499 -0.9987 0.0049
vn 0.0146 -0.9987 0.0480
vn -0.0499 0.9987 0.0049
vn -0.0388 0.9987 -0.0318
vn -0.0480 -0.9987 0.0146
vn 0.0146 -0.9987 -0.0480
vn -0.0146 0.9987 -0.0480
vn -0.0237 0.9987 0.0443
vn 0.0480 -0.9987 0.0146
vn 0.0443 0.9987 0.0237
vn -0.0318 -0.9987 -0.0388
vn 0.0146 0.9987 0.0480
vn -0.0237 -0.9987 0.0443
vn -0.0146 0.9987 0.0480
vn -0.0499 -0.9987 0.0049
vn 0.0049 -0.9987 0.0499
vn -0.0499 0.9987 -0.0049
vn 0.0146 0.9987 -0.0480
vn 0.0443 -0.9987 0.0237
vn 0.0237 -0.9987 -0.0443
vn 0.0388 0.9987 -0.0318
vn -0.0237 -0.9987 -0.0443
vn -0.0499 -0.9987 -0.0049
vn 0.0388 0.9987 0.0318
vn -0.0318 0.9987 -0.0388
vn 0.0499 0.9987 -0.0049
vn -0.0000 0.9952 0.0980
vn -0.0000 0.9569 0.2903
vn -0.0000 0.8819 0.4714
vn -0.0000 0.7730 0.6344
vn -0.0000 0.6344 0.7730
vn -0.0000 0.4714 0.8819
vn -0.0000 0.2903 0.9569
vn -0.0000 0.0980 0.9952
vn -0.0000 -0.0980 0.9952
vn -0.0000 -0.2903 0.9569
vn -0.0000 -0.4714 0.8819
vn -0.0000 -0.6344 0.7730
vn -0.0000 -0.7730 0.6344
vn -0.0000 -0.8819 0.4714
vn -0.0000 -0.9569 0.2903
vn -0.0000 -0.9952 0.0980
vn -0.0000 -0.9952 -0.0980
vn -0.0000 -0.9569 -0.2903
vn -0.0000 -0.8819 -0.4714
vn -0.0000 -0.7730 -0.6344
vn -0.0000 -0.6344 -0.7730
vn -0.0000 -0.4714 -0.8819
vn -0.0000 -0.2903 -0.9569
vn -0.0000 -0.0980 -0.9952
vn -0.0000 0.0980 -0.9952
vn -0.0000 0.2903 -0.9569
vn -0.0000 0.4714 -0.8819
vn -0.0000 0.6344 -0.7730
vn -0.0000 0.7730 -0.6344
vn -0.0000 0.8819 -0.4714
vn -0.0000 0.9569 -0.2903
vn -0.0000 0.9952 -0.0980
vn 0.0980 0.9952 -0.0000
vn 0.2903 0.9569 -0.0000
vn 0.4714 0.8819 -0.0000
vn 0.6344 0.7730 -0.0000
vn 0.7730 0.6344 -0.0000
vn 0.8819 0.4714 -0.0000
vn 0.9569 0.2903 -0.0000
vn 0.9952 0.0980 -0.0000
vn 0.9952 -0.0980 -0.0000
vn 0.9569 -0.2903 -0.0000
vn 0.8819 -0.4714 -0.0000
vn 0.7730 -0.6344 -0.0000
vn 0.6344 -0.7730 -0.0000
vn 0.4714 -0.8819 -0.0000
vn 0.2903 -0.9569 -0.0000
vn 0.0980 -0.9952 -0.0000
vn -0.0980 -0.9952 -0.0000
vn -0.2903 -0.9569 -0.0000
vn -0.4714 -0.8819 -0.0000
vn -0.6344 -0.7730 -0.0000
vn -0.7730 -0.6344 -0.0000
vn -0.8819 -0.4714 -0.0000
vn -0.9569 -0.2903 -0.0000
vn -0.9952 -0.0980 -0.0000
vn -0.9952 0.0980 -0.0000
vn -0.9569 0.2903 -0.0000
vn -0.8819 0.4714 -0.0000
vn -0.7730 0.6344 -0.0000
vn -0.6344 0.7730 -0.0000
vn -0.4714 0.8819 -0.0000
vn -0.2903 0.9569 -0.0000
vn -0.0980 0.9952 -0.0000
vn 0.7663 -0.6425 -0.0000
vn -0.7663 -0.6425 -0.0000
vn -0.0000 -0.7796 0.6263
vn -0.0000 -0.4792 -0.8777
vn -0.0000 -0.8860 0.4636
vn -0.0000 -0.2960 -0.9552
vn -0.0000 -0.9586 0.2847
vn -0.0000 -0.1001 -0.9950
vn -0.0000 -0.9954 -0.0960
vn -0.0000 -0.9954 0.0960
vn -0.0000 -0.1001 0.9950
vn -0.0000 -0.9586 -0.2847
vn -0.0000 -0.2960 0.9552
vn -0.0000 -0.8860 -0.4636
vn -0.0000 -0.4792 0.8777
vn -0.0000 -0.7796 -0.6263
vn -0.0000 -0.6424 0.7663
vn -0.0000 -0.6424 -0.7663
vn -0.0000 -0.9966 -0.0828
vn -0.0000 0.0521 -0.9986
vn -0.9998 -0.0000 -0.0180
vn -0.0000 0.9986 0.0521
vn -0.0000 -0.0521 0.9986
vn 0.9998 -0.0009 0.0180
vt 0.000000 0.000000
vt 0.218750 1.000000
vt 0.187500 1.000000
vt 0.156250 1.000000
vt 0.125000 1.000000
vt 0.093750 1.000000
vt 0.062500 1.000000
vt 0.031250 1.000000
vt 0.000000 1.000000
vt 0.968750 1.000000
vt 0.937500 1.000000
vt 0.906250 1.000000
vt 0.875000 1.000000
vt 0.843750 1.000000
vt 0.812500 1.000000
vt 0.781250 1.000000
vt 0.750000 1.000000
vt 0.375000 0.750000
vt 0.125000 0.750000
vt 0.549279 0.753631
vt 0.547153 0.697200
vt 0.547184 0.697200
vt 0.549280 0.753631
vt 0.549280 0.753631
vt 0.549280 0.753631
vt 0.549279 0.753631
vt 0.546184 0.697200
vt 0.546216 0.697200
vt 0.546403 0.697200
vt 0.546434 0.697200
vt 0.547122 0.697200
vt 0.546184 0.696200
vt 0.546372 0.697200
vt 0.547091 0.697200
vt 0.546341 0.697200
vt 0.547059 0.697200
vt 0.546309 0.697200
vt 0.547028 0.697200
vt 0.546734 0.696953
vt 0.546278 0.697200
vt 0.546997 0.697200
vt 0.546734 0.696953
vt 0.546247 0.697200
vt 0.546966 0.697200
vt 0.546934 0.697200
vt 0.625000 0.000000
vt 0.625000 0.750000
vt 0.250000 1.000000
vt 0.549833 0.732016
vt 0.549833 0.732016
vt 0.553751 0.685961
vt 0.553758 0.686030
vt 0.553738 0.686030
vt 0.553732 0.685967
vt 0.549833 0.732016
vt 0.549833 0.732016
vt 0.549834 0.732014
vt 0.549834 0.732014
vt 0.549835 0.732016
vt 0.549835 0.732016
vt 0.549835 0.732016
vt 0.549835 0.732016
vt 0.549834 0.732016
vt 0.549834 0.732016
vt 0.549833 0.732014
vt 0.549833 0.732016
vt 0.549833 0.732016
vt 0.549833 0.732016
vt 0.549833 0.732016
vt 0.549833 0.732016
vt 0.549835 0.732016
vt 0.549835 0.732016
vt 0.549833 0.732016
vt 0.549835 0.732016
vt 0.549834 0.732016
vt 0.549835 0.732016
vt 0.553751 0.686100
vt 0.553732 0.686094
vt 0.553475 0.686378
vt 0.553407 0.686385
vt 0.553415 0.686356
vt 0.553478 0.686349
vt 0.553731 0.685895
vt 0.553713 0.685906
vt 0.552898 0.685676
vt 0.553541 0.686358
vt 0.553539 0.686331
vt 0.553699 0.685834
vt 0.553683 0.685850
vt 0.553602 0.686325
vt 0.553594 0.686301
vt 0.553655 0.685780
vt 0.553643 0.685800
vt 0.553655 0.686281
vt 0.553643 0.686260
vt 0.553602 0.685736
vt 0.553594 0.685760
vt 0.553523 0.685676
vt 0.553273 0.685676
vt 0.553699 0.686227
vt 0.553683 0.686211
vt 0.553541 0.685703
vt 0.553539 0.685730
vt 0.553406 0.686182
vt 0.552924 0.686676
vt 0.552898 0.686662
vt 0.553385 0.686162
vt 0.553731 0.686166
vt 0.553713 0.686155
vt 0.553475 0.685683
vt 0.553478 0.685711
vt 0.552898 0.685676
vt 0.552926 0.685706
vt 0.553407 0.685676
vt 0.553415 0.685705
vt 0.000015 0.000070
vt 0.218748 1.000000
vt 0.187498 1.000000
vt 0.156248 1.000000
vt 0.124999 1.000000
vt 0.093749 1.000000
vt 0.062499 1.000000
vt 0.031250 1.000000
vt 0.000000 1.000000
vt 0.968750 1.000000
vt 0.937501 1.000000
vt 0.906251 1.000000
vt 0.875001 1.000000
vt 0.843752 1.000000
vt 0.812502 1.000000
vt 0.781252 1.000000
vt 0.750002 1.000000
vt 0.375001 0.750000
vt 0.125000 0.750000
vt 0.548904 0.752660
vt 0.548936 0.752660
vt 0.552392 0.696031
vt 0.552423 0.696031
vt 0.548748 0.752660
vt 0.548779 0.752660
vt 0.549373 0.751660
vt 0.549123 0.751660
vt 0.549686 0.752660
vt 0.549717 0.752660
vt 0.549529 0.752660
vt 0.549561 0.752660
vt 0.549123 0.752410
vt 0.549373 0.752410
vt 0.548748 0.751660
vt 0.548967 0.752660
vt 0.548998 0.752660
vt 0.548811 0.752660
vt 0.548842 0.752660
vt 0.548873 0.752410
vt 0.549592 0.752660
vt 0.549623 0.752660
vt 0.548873 0.752660
vt 0.548873 0.752660
vt 0.549654 0.752660
vt 0.549498 0.752660
vt 0.549748 0.752660
vt 0.552176 0.696075
vt 0.552208 0.696075
vt 0.552395 0.696075
vt 0.552426 0.696075
vt 0.552360 0.696031
vt 0.551977 0.695232
vt 0.552364 0.696075
vt 0.552329 0.696031
vt 0.552333 0.696075
vt 0.552298 0.696031
vt 0.552301 0.696075
vt 0.552267 0.696031
vt 0.552602 0.695232
vt 0.552352 0.695232
vt 0.552270 0.696075
vt 0.552235 0.696031
vt 0.552352 0.695982
vt 0.552602 0.695982
vt 0.552345 0.695982
vt 0.552239 0.696075
vt 0.552204 0.696031
vt 0.552102 0.695982
vt 0.552173 0.696031
vt 0.549166 0.744664
vt 0.548912 0.751583
vt 0.546891 0.759236
vt 0.546891 0.758839
vt 0.545621 0.765235
vt 0.545621 0.766187
vt 0.549065 0.705158
vt 0.549065 0.704855
vt 0.549058 0.704885
vt 0.549058 0.705187
vt 0.546891 0.761242
vt 0.546891 0.760839
vt 0.545621 0.770034
vt 0.545621 0.771002
vt 0.546891 0.758049
vt 0.547648 0.753596
vt 0.546906 0.754261
vt 0.545621 0.763337
vt 0.549166 0.742038
vt 0.549166 0.741595
vt 0.549484 0.729919
vt 0.549484 0.730805
vt 0.549166 0.744230
vt 0.549166 0.743795
vt 0.549484 0.734318
vt 0.549484 0.735189
vt 0.548409 0.749117
vt 0.549484 0.736058
vt 0.548198 0.745134
vt 0.546891 0.758444
vt 0.545621 0.764285
vt 0.546891 0.760436
vt 0.546891 0.760035
vt 0.545621 0.768104
vt 0.545621 0.769067
vt 0.549166 0.743358
vt 0.549166 0.742920
vt 0.549484 0.732569
vt 0.549484 0.733445
vt 0.546891 0.759635
vt 0.545621 0.767144
vt 0.549166 0.742480
vt 0.549484 0.731689
vt 0.546891 0.761646
vt 0.545621 0.771970
vt 0.549065 0.704553
vt 0.549058 0.704583
vt 0.549065 0.702758
vt 0.549065 0.702462
vt 0.549058 0.702491
vt 0.549058 0.702787
vt 0.550272 0.692302
vt 0.550272 0.692025
vt 0.550273 0.691960
vt 0.550273 0.692239
vt 0.549065 0.703054
vt 0.549058 0.703084
vt 0.550272 0.692578
vt 0.550273 0.692517
vt 0.550272 0.693942
vt 0.550273 0.693894
vt 0.549065 0.703352
vt 0.549058 0.703381
vt 0.550272 0.692853
vt 0.550273 0.692795
vt 0.549065 0.703650
vt 0.549058 0.703680
vt 0.550272 0.693126
vt 0.550273 0.693071
vt 0.549467 0.699627
vt 0.549463 0.699631
vt 0.549065 0.703950
vt 0.549058 0.703980
vt 0.550272 0.693399
vt 0.550273 0.693346
vt 0.549870 0.696777
vt 0.549869 0.696754
vt 0.549065 0.704251
vt 0.549058 0.704281
vt 0.550272 0.693671
vt 0.550273 0.693620
vt 0.548912 0.751424
vt 0.548912 0.751503
vt 0.548882 0.752340
vt 0.548882 0.752300
vt 0.547911 0.754035
vt 0.547911 0.753956
vt 0.548912 0.751265
vt 0.548912 0.751185
vt 0.547911 0.754115
vt 0.548912 0.751345
vt 0.547911 0.753798
vt 0.548244 0.753061
vt 0.547911 0.754195
vt 0.548579 0.752320
vt 0.547911 0.754275
vt 0.547911 0.754356
vt 0.547911 0.754517
vt 0.547911 0.754436
vt 0.547911 0.753877
vt 0.548912 0.751105
vt 0.548912 0.751024
vt 0.548313 0.752999
vt 0.548028 0.753308
vt 0.548064 0.753161
vt 0.548333 0.752981
vt 0.548598 0.752688
vt 0.548028 0.753587
vt 0.548028 0.753547
vt 0.548882 0.752379
vt 0.548028 0.753668
vt 0.548028 0.753627
vt 0.548028 0.753348
vt 0.548882 0.752140
vt 0.548882 0.752100
vt 0.548028 0.753387
vt 0.548882 0.752180
vt 0.548028 0.753427
vt 0.548882 0.752220
vt 0.548028 0.753467
vt 0.548882 0.752260
vt 0.548028 0.753507
vt 0.896197 0.990903
vt 0.545447 0.770696
vt 0.545447 0.765915
vt 0.545447 0.765905
vt 0.545447 0.770331
vt 0.913755 0.621446
vt 0.531877 0.621446
vt 0.531877 0.994318
vt 0.913755 0.994318
vt 0.997375 0.249718
vt 0.500278 0.249718
vt 0.500278 0.003868
vt 0.997375 0.003868
vt 0.545447 0.756598
vt 0.545447 0.757953
vt 0.545447 0.757501
vt 0.545447 0.756192
vt 0.912187 0.624189
vt 0.760919 0.624223
vt 0.760919 0.740480
vt 0.877176 0.740480
vt 0.877176 0.624223
vt 0.214160 0.148000
vt 0.354832 0.148000
vt 0.354832 0.006451
vt 0.214160 0.006451
vt 0.214160 0.179495
vt 0.354832 0.179495
vt 0.354832 0.172006
vt 0.214160 0.172006
vt 0.354832 0.155450
vt 0.214160 0.155450
vt 0.182860 0.172006
vt 0.190303 0.172006
vt 0.190303 0.155450
vt 0.182860 0.155450
vt 0.182860 0.179495
vt 0.190303 0.179495
vt 0.182860 0.148000
vt 0.190303 0.148000
vt 0.190303 0.006451
vt 0.182860 0.006451
vt 0.206756 0.172006
vt 0.206756 0.155450
vt 0.206756 0.179495
vt 0.206756 0.148000
vt 0.206756 0.006451
vt 0.451250 1.000000
vt 0.899416 0.796725
vt 0.540496 0.815623
vt 0.549179 0.799256
vt 0.540496 0.815823
vt 0.000000 0.451250
vt 0.896197 0.624189
vt 0.899416 0.806265
vt 0.899416 0.806162
vt 0.899416 0.805980
vt 0.899416 0.806124
vt 0.551125 0.000000
vt 1.000000 0.000000
vt 0.899416 0.804009
vt 0.899416 0.803833
vt 0.899416 0.803589
vt 0.899416 0.803853
vt 0.319787 0.067483
vt 0.319787 0.067518
vt 0.319787 0.067610
vt 0.319787 0.067586
vt 0.350905 0.148623
vt 0.350905 0.006919
vt 0.899416 0.807810
vt 0.899416 0.807747
vt 0.899416 0.807606
vt 0.899416 0.807578
vt 0.000000 0.551125
vt 0.912187 0.990903
vt 0.545447 0.759097
vt 0.545447 0.758681
vt 0.545447 0.758236
vt 0.545447 0.758745
vt 1.000000 0.451250
vt 0.899416 0.803373
vt 0.899416 0.803122
vt 0.899416 0.802791
vt 0.899416 0.803095
vt 0.190303 0.321793
vt 0.206756 0.321793
vt 0.182860 0.321793
vt 0.214160 0.321793
vt 0.354832 0.321793
vt 0.545447 0.763236
vt 0.545447 0.763228
vt 0.899416 0.808474
vt 0.899416 0.808318
vt 0.319787 0.066337
vt 0.319787 0.066403
vt 0.319787 0.066529
vt 0.319787 0.066586
vt 0.212035 0.006919
vt 0.041444 0.321793
vt 0.041444 0.179495
vt 0.041444 0.155450
vt 0.041444 0.148000
vt 0.041533 0.322605
vt 0.181137 0.322605
vt 0.899416 0.805918
vt 0.899416 0.805830
vt 0.899416 0.805692
vt 0.899416 0.805750
vt 0.041444 0.006451
vt 0.041444 0.172006
vt 0.545447 0.764904
vt 0.545447 0.769592
vt 0.545447 0.768980
vt 0.545447 0.764813
vt 0.000915 0.601951
vt 0.000915 0.999545
vt 0.399334 0.999545
vt 0.399334 0.601951
vt 0.545447 0.765858
vt 0.545447 0.770118
vt 0.545447 0.757525
vt 0.545447 0.757281
vt 0.545447 0.757320
vt 0.545447 0.758099
vt 0.545447 0.758549
vt 0.545447 0.761165
vt 0.545447 0.764750
vt 0.545447 0.761142
vt 0.545447 0.763269
vt 0.899416 0.805968
vt 0.899416 0.806085
vt 0.899416 0.806175
vt 0.899416 0.806036
vt 0.899416 0.806333
vt 0.899416 0.806419
vt 0.899416 0.806496
vt 0.899416 0.806420
vt 0.899416 0.804172
vt 0.899416 0.804063
vt 0.545447 0.756893
vt 0.545447 0.756654
vt 0.545447 0.761253
vt 0.545447 0.757909
vt 0.552958 0.741578
vt 0.201691 0.271435
vt 0.205527 0.272615
vt 0.209061 0.274526
vt 0.212157 0.277093
vt 0.214695 0.280220
vt 0.216579 0.283784
vt 0.217735 0.287650
vt 0.218120 0.291668
vt 0.217718 0.295685
vt 0.216545 0.299545
vt 0.214646 0.303101
vt 0.212094 0.306216
vt 0.208987 0.308770
vt 0.205445 0.310666
vt 0.201603 0.311829
vt 0.197610 0.312216
vt 0.193618 0.311811
vt 0.189782 0.310631
vt 0.186248 0.308720
vt 0.183152 0.306153
vt 0.180614 0.303026
vt 0.178730 0.299462
vt 0.177574 0.295596
vt 0.177189 0.291578
vt 0.177591 0.287561
vt 0.178764 0.283701
vt 0.180663 0.280145
vt 0.183215 0.277030
vt 0.186322 0.274476
vt 0.189864 0.272581
vt 0.193706 0.271417
vt 0.197699 0.271030
vt 0.546165 0.765350
vt 0.889705 0.751931
vt 0.889705 0.624285
vt 0.562362 0.624285
vt 0.562362 0.751931
vt 0.623344 0.803787
vt 0.726978 0.701593
vt 0.830338 0.803518
vt 0.726705 0.905712
vt 0.726978 0.905712
vt 0.623344 0.803518
vt 0.726705 0.701593
vt 0.830338 0.803787
vt 0.899416 0.812016
vt 0.899416 0.812551
vt 0.899416 0.812950
vt 0.899416 0.812248
vt 0.899416 0.807888
vt 0.899416 0.808039
vt 0.899416 0.808161
vt 0.899416 0.807958
vt 0.899416 0.808634
vt 0.899416 0.808456
vt 0.545447 0.756111
vt 0.545447 0.756617
vt 0.899416 0.804252
vt 0.899416 0.804179
vt 0.899416 0.796935
vt 0.899416 0.797181
vt 0.899416 0.797409
vt 0.899416 0.797333
vt 0.899416 0.803454
vt 0.899416 0.803653
vt 0.899416 0.803802
vt 0.899416 0.803620
vt 0.545447 0.768601
vt 0.204726 0.006919
vt 0.188484 0.006919
vt 0.000000 0.527500
vt 0.000000 0.475000
vt 0.475000 0.000000
vt 0.527500 0.000000
vt 0.899416 0.811574
vt 0.899416 0.811782
vt 0.350905 0.172654
vt 0.350905 0.156081
vt 0.899416 0.808041
vt 0.899416 0.808151
vt 0.549834 0.732014
vt 0.549834 0.732014
vt 0.549834 0.732015
vt 0.549834 0.732015
vt 0.549834 0.732016
vt 0.549834 0.732016
vt 0.549833 0.732015
vt 0.549835 0.732015
vt 0.549835 0.732016
vt 0.549835 0.732015
vt 0.549835 0.732015
vt 0.549835 0.732015
vt 0.549835 0.732015
vt 0.549835 0.732015
vt 0.549835 0.732015
vt 0.549835 0.732015
vt 0.549834 0.732015
vt 0.549834 0.732016
vt 0.549834 0.732015
vt 0.549834 0.732016
vt 0.549834 0.732015
vt 0.549834 0.732016
vt 0.549834 0.732015
vt 0.549834 0.732016
vt 0.549834 0.732015
vt 0.549834 0.732016
vt 0.549834 0.732015
vt 0.549834 0.732016
vt 0.549834 0.732015
vt 0.549834 0.732016
vt 0.549834 0.732015
vt 0.549834 0.732016
vt 0.549834 0.732015
vt 0.549834 0.732016
vt 0.549834 0.732015
vt 0.549834 0.732016
vt 0.549834 0.732015
vt 0.549833 0.732016
vt 0.549833 0.732015
vt 0.549833 0.732016
vt 0.549833 0.732015
vt 0.549833 0.732016
vt 0.549833 0.732015
vt 0.549833 0.732015
vt 0.549833 0.732015
vt 0.549833 0.732015
vt 0.549833 0.732015
vt 0.549833 0.732015
vt 0.549833 0.732015
vt 0.549833 0.732015
vt 0.549833 0.732015
vt 0.549833 0.732015
vt 0.549833 0.732015
vt 0.549833 0.732015
vt 0.549833 0.732015
vt 0.549833 0.732014
vt 0.549833 0.732014
vt 0.549833 0.732014
vt 0.549833 0.732014
vt 0.549833 0.732014
vt 0.549833 0.732014
vt 0.549833 0.732014
vt 0.549833 0.732014
vt 0.549833 0.732014
vt 0.549833 0.732014
vt 0.549833 0.732014
vt 0.549834 0.732014
vt 0.549834 0.732014
vt 0.549834 0.732014
vt 0.549834 0.732014
vt 0.549834 0.732014
vt 0.549834 0.732014
vt 0.549834 0.732015
vt 0.549834 0.732015
vt 0.549834 0.732015
vt 0.549834 0.732015
vt 0.549834 0.732015
vt 0.549833 0.732015
vt 0.549833 0.732015
vt 0.549833 0.732015
vt 0.549835 0.732015
vt 0.549835 0.732015
vt 0.549835 0.732015
vt 0.549835 0.732015
vt 0.549835 0.732015
vt 0.549835 0.732015
vt 0.549835 0.732014
vt 0.549835 0.732014
vt 0.549835 0.732014
vt 0.549835 0.732014
vt 0.549835 0.732014
vt 0.549835 0.732014
vt 0.549835 0.732014
vt 0.549835 0.732014
vt 0.549834 0.732014
vt 0.549834 0.732014
vt 0.549834 0.732014
vt 0.549834 0.732014
vt 0.549834 0.732014
vt 0.549834 0.732014
vt 0.549834 0.732014
vt 0.549834 0.732014
vt 0.549834 0.732014
vt 0.549834 0.732015
vt 0.549834 0.732015
vt 0.549834 0.732015
vt 0.549834 0.732015
vt 0.549834 0.732015
vt 0.549834 0.732015
vt 0.549373 0.751910
vt 0.549123 0.751910
vt 0.549373 0.752160
vt 0.549123 0.752160
vt 0.549373 0.752660
vt 0.549123 0.752660
vt 0.548873 0.752160
vt 0.549623 0.752160
vt 0.549623 0.752410
vt 0.549748 0.752160
vt 0.549717 0.752160
vt 0.549686 0.752160
vt 0.549654 0.752160
vt 0.549592 0.752160
vt 0.549561 0.752160
vt 0.549529 0.752160
vt 0.549498 0.752160
vt 0.549467 0.752660
vt 0.549467 0.752160
vt 0.549436 0.752660
vt 0.549436 0.752160
vt 0.549404 0.752660
vt 0.549404 0.752160
vt 0.549342 0.752660
vt 0.549342 0.752160
vt 0.549311 0.752660
vt 0.549311 0.752160
vt 0.549279 0.752660
vt 0.549279 0.752160
vt 0.549248 0.752660
vt 0.549248 0.752160
vt 0.549217 0.752660
vt 0.549217 0.752160
vt 0.549186 0.752660
vt 0.549186 0.752160
vt 0.549154 0.752660
vt 0.549154 0.752160
vt 0.549092 0.752660
vt 0.549092 0.752160
vt 0.549061 0.752660
vt 0.549061 0.752160
vt 0.549029 0.752660
vt 0.549029 0.752160
vt 0.548998 0.752160
vt 0.548967 0.752160
vt 0.548936 0.752160
vt 0.548904 0.752160
vt 0.548842 0.752160
vt 0.548811 0.752160
vt 0.549045 0.752145
vt 0.548998 0.752150
vt 0.548951 0.752145
vt 0.548906 0.752132
vt 0.548865 0.752109
vt 0.548828 0.752079
vt 0.548799 0.752043
vt 0.548776 0.752002
vt 0.548763 0.751957
vt 0.548758 0.751910
vt 0.548763 0.751863
vt 0.548776 0.751818
vt 0.548799 0.751776
vt 0.548828 0.751740
vt 0.548865 0.751710
vt 0.548906 0.751688
vt 0.548951 0.751674
vt 0.548998 0.751670
vt 0.549045 0.751674
vt 0.549090 0.751688
vt 0.549131 0.751710
vt 0.549168 0.751740
vt 0.549198 0.751776
vt 0.549220 0.751818
vt 0.549233 0.751863
vt 0.549238 0.751910
vt 0.549233 0.751957
vt 0.549220 0.752002
vt 0.549198 0.752043
vt 0.549168 0.752079
vt 0.549131 0.752109
vt 0.549090 0.752132
vt 0.548779 0.752160
vt 0.548748 0.752160
vt 0.549498 0.752150
vt 0.549545 0.752145
vt 0.549590 0.752132
vt 0.549631 0.752109
vt 0.549668 0.752079
vt 0.549698 0.752043
vt 0.549720 0.752002
vt 0.549733 0.751957
vt 0.549738 0.751910
vt 0.549733 0.751863
vt 0.549720 0.751818
vt 0.549698 0.751776
vt 0.549668 0.751740
vt 0.549631 0.751710
vt 0.549590 0.751688
vt 0.549545 0.751674
vt 0.549498 0.751670
vt 0.549451 0.751674
vt 0.549406 0.751688
vt 0.549365 0.751710
vt 0.549328 0.751740
vt 0.549299 0.751776
vt 0.549276 0.751818
vt 0.549263 0.751863
vt 0.549258 0.751910
vt 0.549263 0.751957
vt 0.549276 0.752002
vt 0.549299 0.752043
vt 0.549328 0.752079
vt 0.549365 0.752109
vt 0.549406 0.752132
vt 0.549451 0.752145
vt 0.248851 0.101126
vt 0.248867 0.101198
vt 0.248831 0.101216
vt 0.248844 0.101175
vt 0.248865 0.101100
vt 0.248884 0.101009
vt 0.248897 0.100911
vt 0.248899 0.100810
vt 0.248886 0.100713
vt 0.248845 0.100629
vt 0.248931 0.100576
vt 0.248997 0.100501
vt 0.249049 0.100419
vt 0.249090 0.100338
vt 0.249119 0.100262
vt 0.249136 0.100203
vt 0.249136 0.100180
vt 0.249135 0.100282
vt 0.249145 0.100178
vt 0.249443 0.100508
vt 0.249164 0.101107
vt 0.548064 0.753300
vt 0.548064 0.753272
vt 0.548873 0.752619
vt 0.548604 0.752799
vt 0.548064 0.753328
vt 0.548064 0.753356
vt 0.548064 0.753413
vt 0.548064 0.753384
vt 0.548064 0.753189
vt 0.548064 0.753216
vt 0.548064 0.753244
vt 0.549905 0.730144
vt 0.549905 0.732644
vt 0.550965 0.732644
vt 0.550965 0.730144
vt 0.549530 0.732644
vt 0.548465 0.732644
vt 0.549529 0.732644
vt 0.549530 0.730144
vt 0.548465 0.730144
vt 0.549530 0.732644
vt 0.550042 0.746746
vt 0.243333 0.099780
vt 0.243458 0.100530
vt 0.243708 0.100530
vt 0.244083 0.100780
vt 0.244114 0.100780
vt 0.244145 0.100780
vt 0.244176 0.100780
vt 0.244208 0.100780
vt 0.244239 0.100780
vt 0.244270 0.100780
vt 0.244301 0.100780
vt 0.243333 0.100780
vt 0.243364 0.100780
vt 0.243395 0.100780
vt 0.243426 0.100780
vt 0.243458 0.100780
vt 0.243489 0.100780
vt 0.243520 0.100780
vt 0.243551 0.100780
vt 0.549587 0.746993
vt 0.549618 0.746993
vt 0.550305 0.746993
vt 0.550337 0.746993
vt 0.550042 0.746746
vt 0.549555 0.746993
vt 0.550274 0.746993
vt 0.549524 0.746993
vt 0.550243 0.746993
vt 0.550462 0.746993
vt 0.550493 0.746993
vt 0.549493 0.746993
vt 0.549712 0.746993
vt 0.549743 0.746993
vt 0.550430 0.746993
vt 0.549493 0.745993
vt 0.549680 0.746993
vt 0.550399 0.746993
vt 0.549649 0.746993
vt 0.550368 0.746993
vt 0.251345 0.100230
vt 0.251358 0.100305
vt 0.251383 0.100305
vt 0.251420 0.100330
vt 0.251423 0.100330
vt 0.251426 0.100330
vt 0.251430 0.100330
vt 0.251433 0.100330
vt 0.251436 0.100330
vt 0.251439 0.100330
vt 0.251442 0.100330
vt 0.251345 0.100330
vt 0.251348 0.100330
vt 0.251351 0.100330
vt 0.251355 0.100330
vt 0.251358 0.100330
vt 0.251361 0.100330
vt 0.251364 0.100330
vt 0.251367 0.100330
vt 0.549116 0.752410
vt 0.249015 0.099780
vt 0.249140 0.100530
vt 0.249383 0.100530
vt 0.249765 0.100780
vt 0.249796 0.100780
vt 0.249828 0.100780
vt 0.249859 0.100780
vt 0.249890 0.100780
vt 0.249921 0.100780
vt 0.249953 0.100780
vt 0.249984 0.100780
vt 0.249015 0.100780
vt 0.249046 0.100780
vt 0.249078 0.100780
vt 0.249109 0.100780
vt 0.249140 0.100780
vt 0.249171 0.100780
vt 0.249203 0.100780
vt 0.249234 0.100780
vt 0.549905 0.732644
vt 0.253837 0.093724
vt 0.254087 0.093724
vt 0.254087 0.093974
vt 0.253837 0.093974
vt 0.254087 0.094224
vt 0.253837 0.094224
vt 0.254087 0.094474
vt 0.253837 0.094474
vt 0.254087 0.094724
vt 0.253837 0.094724
vt 0.253587 0.094224
vt 0.253587 0.094474
vt 0.254337 0.094224
vt 0.254337 0.094474
s 0
usemtl Material.001
f 2/1/1 14/1/1 15/2/1 16/3/1 17/4/1 18/5/1 19/6/1 20/7/1 21/8/1 5/9/1 6/10/1 7/11/1 8/12/1 9/13/1 10/14/1 11/15/1 12/16/1 13/17/1 4/1/1 3/18/1 1/19/1
f 17/20/2 16/20/2 37/20/2 38/20/2
f 26/21/3 27/22/3 48/22/3 47/21/3
f 5/20/4 21/20/4 42/20/4 27/20/4
f 2/23/5 1/23/5 22/23/5 23/23/5
f 7/24/6 6/25/6 26/25/6 28/24/6
f 12/24/7 11/24/7 32/24/7 33/24/7
f 3/24/8 4/24/8 24/24/8 25/24/8
f 14/26/9 2/26/9 23/26/9 36/26/9
f 15/20/10 14/20/10 36/20/10 35/20/10
f 20/20/11 19/20/11 40/20/11 41/20/11
f 1/20/12 3/24/12 25/24/12 22/20/12
f 10/24/13 9/24/13 30/24/13 31/24/13
f 4/26/14 13/26/14 34/26/14 24/26/14
f 18/20/15 17/20/15 38/20/15 39/20/15
f 8/24/16 7/24/16 28/24/16 29/24/16
f 13/24/17 12/24/17 33/24/17 34/24/17
f 6/25/18 5/25/18 27/25/18 26/25/18
f 16/20/19 15/20/19 35/20/19 37/20/19
f 21/20/20 20/20/20 41/20/20 42/20/20
f 11/24/21 10/24/21 31/24/21 32/24/21
f 19/20/22 18/20/22 39/20/22 40/20/22
f 9/24/23 8/24/23 29/24/23 30/24/23
f 27/27/3 42/28/3 63/28/3 48/27/3
f 35/29/3 36/30/3 57/30/3 56/29/3
f 28/31/3 26/21/3 47/21/3 49/31/3
f 36/32/24 23/32/24 44/32/24 57/32/24
f 37/33/3 35/29/3 56/29/3 58/33/3
f 29/34/3 28/31/3 49/31/3 50/34/3
f 24/32/25 34/32/25 55/32/25 45/32/25
f 38/35/3 37/33/3 58/33/3 59/35/3
f 30/36/3 29/34/3 50/34/3 51/36/3
f 39/37/3 38/35/3 59/35/3 60/37/3
f 31/38/3 30/36/3 51/36/3 52/38/3
f 23/39/3 22/39/3 43/39/3 44/39/3
f 40/40/3 39/37/3 60/37/3 61/40/3
f 32/41/3 31/38/3 52/38/3 53/41/3
f 25/42/3 24/39/3 45/39/3 46/42/3
f 41/43/3 40/40/3 61/40/3 62/43/3
f 33/44/3 32/41/3 53/41/3 54/44/3
f 22/42/3 25/42/3 46/42/3 43/42/3
f 42/28/3 41/43/3 62/43/3 63/28/3
f 34/45/3 33/44/3 54/44/3 55/45/3
f 65/46/26 64/19/3 67/18/3 66/47/26 76/17/26 75/16/3 74/15/3 73/14/3 72/13/3 71/12/3 70/11/3 68/10/3 69/9/3 84/8/3 83/7/3 82/6/3 81/5/3 80/4/3 79/3/3 77/2/3 78/48/26
f 86/1/26 98/1/26 99/2/8 100/3/8 101/4/8 102/5/8 103/6/8 104/7/8 105/8/8 89/9/8 90/10/8 91/11/8 92/12/8 93/13/8 94/14/8 95/15/8 96/16/8 97/17/26 88/1/26 87/18/8 85/19/8
f 101/49/27 100/50/27 121/50/27 122/49/27
f 110/51/5 111/52/5 132/53/5 131/54/5
f 89/55/28 105/56/28 126/56/28 111/55/28
f 86/57/1 85/58/1 106/58/1 107/57/1
f 91/59/29 90/60/29 110/60/29 112/59/29
f 96/61/30 95/62/30 116/62/30 117/61/30
f 87/63/3 88/64/3 108/64/3 109/63/3
f 98/65/31 86/65/31 107/65/31 120/65/31
f 99/66/32 98/67/32 120/67/32 119/66/32
f 104/68/33 103/69/33 124/69/33 125/68/33
f 85/70/12 87/63/12 109/63/12 106/70/12
f 94/71/34 93/72/34 114/72/34 115/71/34
f 88/65/35 97/65/35 118/65/35 108/65/35
f 102/73/36 101/49/36 122/49/36 123/73/36
f 92/74/37 91/59/37 112/59/37 113/74/37
f 97/75/38 96/61/38 117/61/38 118/75/38
f 90/60/39 89/76/39 111/76/39 110/60/39
f 100/50/40 99/66/40 119/66/40 121/50/40
f 105/56/41 104/68/41 125/68/41 126/56/41
f 95/62/42 94/71/42 115/71/42 116/62/42
f 103/69/43 102/73/43 123/73/43 124/69/43
f 93/72/44 92/74/44 113/74/44 114/72/44
f 111/52/5 126/77/5 147/78/5 132/53/5
f 119/79/5 120/80/5 141/81/5 140/82/5
f 112/83/5 110/51/5 131/54/5 133/84/5
f 120/85/45 107/85/45 128/85/45 141/85/45
f 121/86/5 119/79/5 140/82/5 142/87/5
f 113/88/5 112/83/5 133/84/5 134/89/5
f 108/85/46 118/85/46 139/85/46 129/85/46
f 122/90/5 121/86/5 142/87/5 143/91/5
f 114/92/5 113/88/5 134/89/5 135/93/5
f 123/94/5 122/90/5 143/91/5 144/95/5
f 115/96/5 114/92/5 135/93/5 136/97/5
f 107/98/5 106/99/5 127/99/5 128/98/5
f 124/100/5 123/94/5 144/95/5 145/101/5
f 116/102/5 115/96/5 136/97/5 137/103/5
f 109/104/5 108/105/5 129/106/5 130/107/5
f 125/108/5 124/100/5 145/101/5 146/109/5
f 117/110/5 116/102/5 137/103/5 138/111/5
f 106/112/5 109/104/5 130/107/5 127/113/5
f 126/77/5 125/108/5 146/109/5 147/78/5
f 118/114/5 117/110/5 138/111/5 139/115/5
f 149/1/26 161/116/26 162/117/3 163/118/3 164/119/3 165/120/3 166/121/3 167/122/3 168/123/3 152/124/3 153/125/3 154/126/3 155/127/3 156/128/3 157/129/3 158/130/3 159/131/3 160/132/26 151/1/26 150/133/3 148/134/3
f 164/135/21 163/136/21 184/136/21 185/135/21
f 173/137/1 174/138/1 195/138/1 194/137/1
f 152/139/18 168/140/18 189/140/18 174/139/18
f 149/141/8 148/142/8 169/142/8 170/141/8
f 154/143/20 153/144/20 173/144/20 175/143/20
f 159/145/19 158/146/19 179/146/19 180/145/19
f 150/147/5 151/148/5 171/148/5 172/147/5
f 161/149/47 149/149/47 170/149/47 183/149/47
f 162/150/17 161/151/17 183/151/17 182/150/17
f 167/152/16 166/153/16 187/153/16 188/152/16
f 148/154/12 150/147/12 172/147/12 169/154/12
f 157/155/15 156/156/15 177/156/15 178/155/15
f 151/149/48 160/149/48 181/149/48 171/149/48
f 165/157/13 164/135/13 185/135/13 186/158/13
f 155/159/11 154/143/11 175/143/11 176/159/11
f 160/160/10 159/145/10 180/145/10 181/160/10
f 153/144/4 152/161/4 174/161/4 173/144/4
f 163/136/7 162/150/7 182/150/7 184/136/7
f 168/140/6 167/152/6 188/152/6 189/140/6
f 158/146/2 157/155/2 178/155/2 179/146/2
f 166/153/23 165/157/23 186/158/23 187/153/23
f 156/156/22 155/159/22 176/159/22 177/156/22
f 174/162/1 189/163/1 210/163/1 195/162/1
f 182/164/1 183/165/1 204/165/1 203/164/1
f 175/166/1 173/137/1 194/137/1 196/166/1
f 183/167/49 170/167/49 191/167/49 204/167/49
f 184/168/1 182/164/1 203/164/1 205/168/1
f 176/169/1 175/166/1 196/166/1 197/169/1
f 171/167/50 181/167/50 202/167/50 192/167/50
f 185/170/1 184/168/1 205/168/1 206/170/1
f 177/171/1 176/169/1 197/169/1 198/171/1
f 186/172/1 185/170/1 206/170/1 207/172/1
f 178/173/1 177/171/1 198/171/1 199/173/1
f 170/174/1 169/175/1 190/175/1 191/174/1
f 187/176/1 186/172/1 207/172/1 208/176/1
f 179/177/1 178/173/1 199/173/1 200/177/1
f 172/178/1 171/179/1 192/179/1 193/180/1
f 188/181/1 187/176/1 208/176/1 209/181/1
f 180/182/1 179/177/1 200/177/1 201/182/1
f 169/183/51 172/178/51 193/180/51 190/183/51
f 189/163/1 188/181/1 209/181/1 210/163/1
f 181/184/1 180/182/1 201/182/1 202/184/1
f 223/185/12 214/185/12 276/186/12 286/186/12
f 227/187/42 226/188/42 247/189/42 248/190/42
f 236/191/8 237/192/8 258/193/8 257/194/8
f 215/195/39 231/196/39 252/197/39 237/198/39
f 212/199/3 211/200/3 232/201/3 233/202/3
f 217/203/41 216/204/41 236/205/41 238/206/41
f 222/207/40 221/208/40 242/209/40 243/210/40
f 213/211/1 214/185/1 234/212/1 235/213/1
f 224/199/52 212/199/52 233/202/52 246/202/52
f 225/214/38 224/199/38 246/202/38 245/215/38
f 230/216/37 229/217/37 250/218/37 251/219/37
f 211/200/12 213/211/12 235/213/12 232/201/12
f 220/220/36 219/221/36 240/222/36 241/223/36
f 214/185/53 223/185/53 244/212/53 234/212/53
f 228/224/34 227/187/34 248/190/34 249/225/34
f 218/226/33 217/203/33 238/206/33 239/227/33
f 223/185/32 222/207/32 243/210/32 244/212/32
f 216/228/28 215/195/28 237/198/28 236/229/28
f 226/188/30 225/214/30 245/215/30 247/189/30
f 231/196/29 230/216/29 251/219/29 252/197/29
f 221/208/27 220/220/27 241/223/27 242/209/27
f 229/217/44 228/224/44 249/225/44 250/218/44
f 219/221/43 218/226/43 239/227/43 240/222/43
f 237/192/8 252/230/8 273/231/8 258/193/8
f 245/232/8 246/233/8 267/234/8 266/235/8
f 238/236/8 236/237/8 257/238/8 259/239/8
f 246/233/54 233/233/54 254/234/54 267/234/54
f 247/240/8 245/232/8 266/235/8 268/241/8
f 239/242/8 238/236/8 259/239/8 260/243/8
f 234/244/55 244/244/55 265/245/55 255/245/55
f 248/246/8 247/240/8 268/241/8 269/247/8
f 240/248/8 239/242/8 260/243/8 261/249/8
f 249/250/8 248/246/8 269/247/8 270/251/8
f 241/252/8 240/248/8 261/249/8 262/253/8
f 233/233/8 232/254/8 253/255/8 254/234/8
f 250/256/8 249/250/8 270/251/8 271/257/8
f 242/258/8 241/252/8 262/253/8 263/259/8
f 235/260/8 234/244/8 255/245/8 256/261/8
f 251/262/8 250/256/8 271/257/8 272/263/8
f 243/264/8 242/258/8 263/259/8 264/265/8
f 232/254/8 235/260/8 256/261/8 253/255/8
f 252/230/8 251/262/8 272/263/8 273/231/8
f 244/244/8 243/264/8 264/265/8 265/245/8
f 284/266/56 285/267/56 306/268/56 305/269/56
f 226/188/57 227/187/57 290/270/57 289/271/57
f 218/226/58 219/221/58 282/272/58 281/273/58
f 227/187/59 228/224/59 291/274/59 290/270/59
f 219/221/60 220/220/60 283/275/60 282/272/60
f 211/200/1 212/199/1 275/276/1 274/277/1
f 228/224/61 229/217/61 292/278/61 291/274/61
f 220/220/62 221/208/62 284/266/62 283/275/62
f 214/185/3 213/211/3 277/279/3 276/186/3
f 229/217/63 230/216/63 293/280/63 292/278/63
f 221/208/56 222/207/56 285/267/56 284/266/56
f 213/211/64 211/200/64 274/277/64 277/279/64
f 230/216/65 231/196/65 294/281/65 293/280/65
f 222/207/66 223/185/66 286/186/66 285/267/66
f 215/195/67 216/228/67 278/282/67 279/283/67
f 231/196/68 215/195/68 279/283/68 294/281/68
f 224/199/69 225/214/69 287/284/69 288/276/69
f 216/204/70 217/203/70 280/285/70 278/286/70
f 212/199/12 224/199/12 288/276/12 275/276/12
f 225/214/71 226/188/71 289/271/71 287/284/71
f 217/203/72 218/226/72 281/273/72 280/285/72
f 295/287/1 296/288/1 1063/289/1 1062/290/1
f 277/279/64 274/277/64 295/287/64 298/291/64
f 293/280/65 294/281/65 315/292/65 314/293/65
f 285/267/66 286/186/66 307/294/66 306/268/66
f 279/283/67 278/282/67 299/295/67 300/296/67
f 294/281/68 279/283/68 300/296/68 315/292/68
f 288/276/69 287/284/69 308/297/69 309/288/69
f 278/286/70 280/285/70 301/298/70 299/299/70
f 275/276/12 288/276/12 309/288/12 296/288/12
f 287/284/71 289/271/71 310/300/71 308/297/71
f 280/285/72 281/273/72 302/301/72 301/298/72
f 286/186/12 276/186/12 297/294/12 307/294/12
f 289/271/57 290/270/57 311/302/57 310/300/57
f 281/273/58 282/272/58 303/303/58 302/301/58
f 290/270/59 291/274/59 312/304/59 311/302/59
f 282/272/60 283/275/60 304/305/60 303/303/60
f 274/277/1 275/276/1 296/288/1 295/287/1
f 291/274/61 292/278/61 313/306/61 312/304/61
f 283/275/62 284/266/62 305/269/62 304/305/62
f 276/186/3 277/279/3 298/291/3 297/294/3
f 292/278/63 293/280/63 314/293/63 313/306/63
f 325/307/3 404/307/3 647/307/3 646/307/3
f 359/308/1 330/309/1 408/310/1 411/311/1
f 366/312/73 367/313/73 322/314/73 321/315/73
f 375/316/12 376/317/12 327/318/12 326/319/12
f 350/320/3 327/321/3 414/322/3 403/323/3
f 397/324/5 323/324/5 656/324/5 657/324/5
f 326/325/12 327/326/12 331/327/12 330/328/12
f 358/319/12 326/316/12 330/317/12 359/318/12
f 350/313/74 325/314/74 329/315/74 351/312/74
f 372/329/75 352/330/75 337/331/75 369/332/75
f 373/333/64 361/334/64 341/335/64 370/336/64
f 370/336/64 341/335/64 336/337/64 371/338/64
f 379/339/64 342/340/64 343/341/64 380/342/64
f 383/343/64 362/344/64 342/340/64 379/339/64
f 382/345/64 354/346/64 338/347/64 378/348/64
f 342/340/64 346/349/64 347/350/64 343/341/64
f 362/344/64 363/351/64 346/349/64 342/340/64
f 354/346/64 355/352/64 345/353/64 338/347/64
f 374/354/8 318/9/8 339/9/8 378/354/8
f 377/355/5 324/356/5 344/357/5 381/358/5
f 324/356/64 377/355/64 667/355/64 666/356/64
f 356/359/1 316/1/1 333/1/1 360/359/1
f 322/360/5 413/360/5 683/360/5 677/360/5
f 323/315/12 320/314/12 661/314/12 656/315/12
f 329/315/76 325/314/76 652/314/76 653/315/76
f 365/361/8 329/362/8 345/363/8 369/364/8
f 364/365/5 317/366/5 335/366/5 368/365/5
f 349/367/1 323/368/1 340/369/1 353/370/1
f 357/371/3 321/372/3 341/373/3 361/374/3
f 348/375/3 319/376/3 337/376/3 352/375/3
f 322/377/3 348/378/3 352/379/3 336/380/3
f 318/9/1 349/381/1 353/381/1 339/9/1
f 343/341/64 347/350/64 355/352/64 354/346/64
f 380/342/64 343/341/64 354/346/64 382/345/64
f 371/338/64 336/337/64 352/330/64 372/329/64
f 327/319/12 350/316/12 351/317/12 331/318/12
f 349/324/1 318/382/1 391/382/1 396/324/1
f 367/383/5 331/384/5 410/385/5 409/386/5
f 317/366/3 357/387/3 361/387/3 335/366/3
f 320/388/1 356/389/1 360/390/1 332/391/1
f 344/392/64 334/393/64 363/351/64 362/344/64
f 381/394/64 344/392/64 362/344/64 383/343/64
f 368/395/77 335/396/77 361/334/77 373/333/77
f 324/315/78 358/312/78 359/313/78 328/314/78
f 341/373/5 321/372/5 676/372/5 679/373/5
f 320/382/8 375/307/8 394/307/8 395/382/8
f 330/309/8 366/397/8 407/398/8 408/310/8
f 334/393/64 368/395/64 373/333/64 363/351/64
f 392/399/12 393/400/12 684/400/12 685/399/12
f 347/350/64 371/338/64 372/329/64 355/352/64
f 328/401/5 364/402/5 368/403/5 334/404/5
f 319/376/8 365/405/8 369/405/8 337/376/8
f 346/349/64 370/336/64 371/338/64 347/350/64
f 363/351/64 373/333/64 370/336/64 346/349/64
f 355/352/64 372/329/64 369/332/64 345/353/64
f 330/316/12 331/317/12 367/318/12 366/319/12
f 406/382/1 329/382/1 648/382/1 650/382/1
f 318/382/8 374/307/8 390/307/8 391/382/8
f 325/307/3 350/360/3 403/360/3 404/307/3
f 333/406/79 381/394/79 383/343/79 360/407/79
f 319/307/3 348/360/3 388/360/3 389/307/3
f 340/408/64 380/342/64 382/345/64 353/409/64
f 316/410/5 377/411/5 381/411/5 333/410/5
f 325/412/8 374/413/8 378/414/8 338/415/8
f 353/409/80 382/345/80 378/348/80 339/416/80
f 360/407/64 383/343/64 379/339/64 332/417/64
f 332/417/64 379/339/64 380/342/64 340/408/64
f 326/418/3 358/419/3 401/420/3 402/421/3
f 322/360/5 367/324/5 409/324/5 413/360/5
f 320/314/81 323/315/81 376/312/81 375/313/81
f 416/422/12 405/423/12 389/424/12 388/425/12
f 411/311/64 408/310/64 564/426/64 567/427/64
f 392/307/5 419/382/5 577/382/5 548/307/5
f 414/322/64 398/428/64 554/429/64 571/430/64
f 409/386/64 410/385/64 566/431/64 565/432/64
f 394/433/64 402/421/64 558/434/64 550/435/64
f 408/310/64 407/398/64 563/436/64 564/426/64
f 386/422/12 419/423/12 392/424/12 387/425/12
f 417/324/1 411/382/1 567/382/1 575/324/1
f 390/437/8 404/438/8 560/439/8 579/440/8
f 406/441/8 405/442/8 561/443/8 562/444/8
f 401/307/3 400/360/3 556/360/3 557/307/3
f 385/422/12 384/423/12 418/424/12 399/425/12
f 405/382/3 416/324/3 573/324/3 561/382/3
f 396/422/12 391/423/12 390/424/12 415/425/12
f 404/307/3 403/360/3 559/360/3 560/307/3
f 396/445/12 397/446/12 657/446/12 659/445/12
f 376/360/5 323/324/5 397/324/5 398/360/5
f 331/384/1 351/447/1 412/448/1 410/385/1
f 351/324/1 329/382/1 406/382/1 412/324/1
f 375/449/8 326/418/8 402/421/8 394/433/8
f 357/307/3 317/360/3 387/360/3 392/307/3
f 324/315/12 328/314/12 669/314/12 666/315/12
f 327/321/5 376/450/5 398/428/5 414/322/5
f 358/307/3 324/360/3 400/360/3 401/307/3
f 328/324/1 417/324/1 675/324/1 669/324/1
f 377/360/5 316/324/5 385/324/5 399/360/5
f 328/324/1 359/382/1 411/382/1 417/324/1
f 365/382/8 319/307/8 389/307/8 405/382/8
f 316/324/1 356/382/1 384/382/1 385/324/1
f 366/382/8 321/307/8 393/307/8 407/382/8
f 317/360/5 364/324/5 386/324/5 387/360/5
f 448/451/82 447/451/82 722/451/82 729/451/82
f 433/451/83 434/451/83 466/451/83 465/451/83
f 498/451/84 499/451/84 802/451/84 792/451/84
f 613/451/85 586/451/85 785/451/85 831/451/85
f 640/451/86 638/451/86 845/451/86 797/451/86
f 612/451/87 584/451/87 816/451/87 774/451/87
f 511/451/88 512/451/88 799/451/88 690/451/88
f 580/451/89 613/451/89 831/451/89 815/451/89
f 639/451/90 637/451/90 844/451/90 812/451/90
f 420/451/91 421/451/91 725/451/91 727/451/91
f 611/451/92 612/451/92 774/451/92 776/451/92
f 485/451/93 484/451/93 795/451/93 796/451/93
f 610/451/90 599/451/90 809/451/90 810/451/90
f 441/451/94 440/451/94 755/451/94 701/451/94
f 614/451/95 636/451/95 843/451/95 832/451/95
f 609/451/94 611/451/94 776/451/94 830/451/94
f 608/451/96 582/451/96 814/451/96 829/451/96
f 427/451/97 426/451/97 753/451/97 697/451/97
f 638/451/96 634/451/96 841/451/96 845/451/96
f 497/451/98 498/451/98 792/451/98 771/451/98
f 607/451/99 610/451/99 810/451/99 828/451/99
f 606/451/100 609/451/100 830/451/100 758/451/100
f 440/451/100 439/451/100 751/451/100 755/451/100
f 637/451/99 633/451/99 840/451/99 844/451/99
f 447/451/101 446/451/101 719/451/101 722/451/101
f 510/451/102 511/451/102 690/451/102 788/451/102
f 605/451/91 608/451/91 829/451/91 793/451/91
f 604/451/83 607/451/83 828/451/83 827/451/83
f 636/451/82 632/451/82 691/451/82 843/451/82
f 496/451/95 497/451/95 771/451/95 786/451/95
f 426/451/103 425/451/103 750/451/103 753/451/103
f 603/451/104 606/451/104 758/451/104 759/451/104
f 433/451/105 432/451/105 717/451/105 694/451/105
f 602/451/106 605/451/106 793/451/106 794/451/106
f 452/452/12 454/453/12 455/454/12 456/455/12 457/456/12 458/457/12 459/458/12 460/459/12 461/460/12 462/461/12 463/462/12 464/463/12 465/464/12 466/465/12 467/466/12 468/467/12 469/468/12 470/469/12 471/470/12 472/471/12 473/472/12 474/473/12 475/474/12 476/475/12 477/476/12 478/477/12 479/478/12 480/479/12 481/480/12 482/481/12 483/482/12 453/483/12
f 421/451/91 420/451/91 452/451/91 453/451/91
f 447/451/82 448/451/82 480/451/82 479/451/82
f 434/451/99 435/451/99 467/451/99 466/451/99
f 420/451/96 422/451/96 454/451/96 452/451/96
f 448/451/95 449/451/95 481/451/95 480/451/95
f 435/451/90 436/451/90 468/451/90 467/451/90
f 422/451/86 423/451/86 455/451/86 454/451/86
f 449/451/98 450/451/98 482/451/98 481/451/98
f 436/451/93 437/451/93 469/451/93 468/451/93
f 423/451/89 424/451/89 456/451/89 455/451/89
f 450/451/84 451/451/84 483/451/84 482/451/84
f 437/451/107 438/451/107 470/451/107 469/451/107
f 424/451/85 425/451/85 457/451/85 456/451/85
f 451/451/106 421/451/106 453/451/106 483/451/106
f 438/451/104 439/451/104 471/451/104 470/451/104
f 425/451/103 426/451/103 458/451/103 457/451/103
f 439/451/100 440/451/100 472/451/100 471/451/100
f 426/451/97 427/451/97 459/451/97 458/451/97
f 440/451/94 441/451/94 473/451/94 472/451/94
f 427/451/108 428/451/108 460/451/108 459/451/108
f 441/451/92 442/451/92 474/451/92 473/451/92
f 428/451/109 429/451/109 461/451/109 460/451/109
f 442/451/87 443/451/87 475/451/87 474/451/87
f 429/451/110 430/451/110 462/451/110 461/451/110
f 443/451/111 444/451/111 476/451/111 475/451/111
f 430/451/102 431/451/102 463/451/102 462/451/102
f 444/451/112 445/451/112 477/451/112 476/451/112
f 431/451/88 432/451/88 464/451/88 463/451/88
f 445/451/113 446/451/113 478/451/113 477/451/113
f 432/451/105 433/451/105 465/451/105 464/451/105
f 446/451/101 447/451/101 479/451/101 478/451/101
f 514/451/83 513/451/83 545/451/83 546/451/83
f 634/451/91 635/451/91 842/451/91 841/451/91
f 509/451/110 510/451/110 788/451/110 784/451/110
f 601/451/105 604/451/105 827/451/105 826/451/105
f 600/451/107 603/451/107 759/451/107 825/451/107
f 439/451/104 438/451/104 748/451/104 751/451/104
f 446/451/113 445/451/113 715/451/113 719/451/113
f 495/451/82 496/451/82 786/451/82 782/451/82
f 598/451/84 602/451/84 794/451/84 824/451/84
f 633/451/83 631/451/83 772/451/83 840/451/83
f 597/451/88 601/451/88 826/451/88 823/451/88
f 421/451/106 451/451/106 747/451/106 725/451/106
f 508/451/109 509/451/109 784/451/109 779/451/109
f 599/451/93 600/451/93 825/451/93 809/451/93
f 632/451/101 630/451/101 791/451/101 691/451/101
f 432/451/88 431/451/88 713/451/88 717/451/88
f 596/451/98 598/451/98 824/451/98 767/451/98
f 425/451/85 424/451/85 745/451/85 750/451/85
f 494/451/101 495/451/101 782/451/101 777/451/101
f 595/451/102 597/451/102 823/451/102 803/451/102
f 631/451/105 629/451/105 808/451/105 772/451/105
f 594/451/95 596/451/95 767/451/95 769/451/95
f 445/451/112 444/451/112 711/451/112 715/451/112
f 507/451/108 508/451/108 779/451/108 775/451/108
f 593/451/110 595/451/110 803/451/110 805/451/110
f 438/451/107 437/451/107 743/451/107 748/451/107
f 630/451/113 628/451/113 790/451/113 791/451/113
f 592/451/82 594/451/82 769/451/82 822/451/82
f 493/451/113 494/451/113 777/451/113 773/451/113
f 591/451/109 593/451/109 805/451/109 821/451/109
f 629/451/88 627/451/88 806/451/88 808/451/88
f 431/451/102 430/451/102 709/451/102 713/451/102
f 516/484/64 517/484/64 547/484/64 546/484/64 545/484/64 544/484/64 543/484/64 542/484/64 541/484/64 540/484/64 539/484/64 538/484/64 537/484/64 536/484/64 535/484/64 534/484/64 533/484/64 532/484/64 531/484/64 530/484/64 529/484/64 528/484/64 527/484/64 526/484/64 525/484/64 524/484/64 523/484/64 522/484/64 521/484/64 520/484/64 519/484/64 518/484/64
f 501/451/91 500/451/91 532/451/91 533/451/91
f 488/451/100 487/451/100 519/451/100 520/451/100
f 515/451/99 514/451/99 546/451/99 547/451/99
f 502/451/96 501/451/96 533/451/96 534/451/96
f 489/451/94 488/451/94 520/451/94 521/451/94
f 485/451/90 515/451/90 547/451/90 517/451/90
f 503/451/86 502/451/86 534/451/86 535/451/86
f 490/451/92 489/451/92 521/451/92 522/451/92
f 504/451/89 503/451/89 535/451/89 536/451/89
f 491/451/87 490/451/87 522/451/87 523/451/87
f 505/451/85 504/451/85 536/451/85 537/451/85
f 492/451/111 491/451/111 523/451/111 524/451/111
f 506/451/103 505/451/103 537/451/103 538/451/103
f 493/451/112 492/451/112 524/451/112 525/451/112
f 507/451/97 506/451/97 538/451/97 539/451/97
f 494/451/113 493/451/113 525/451/113 526/451/113
f 508/451/108 507/451/108 539/451/108 540/451/108
f 495/451/101 494/451/101 526/451/101 527/451/101
f 509/451/109 508/451/109 540/451/109 541/451/109
f 496/451/82 495/451/82 527/451/82 528/451/82
f 510/451/110 509/451/110 541/451/110 542/451/110
f 497/451/95 496/451/95 528/451/95 529/451/95
f 511/451/102 510/451/102 542/451/102 543/451/102
f 498/451/98 497/451/98 529/451/98 530/451/98
f 484/451/93 485/451/93 517/451/93 516/451/93
f 512/451/88 511/451/88 543/451/88 544/451/88
f 499/451/84 498/451/84 530/451/84 531/451/84
f 486/451/107 484/451/107 516/451/107 518/451/107
f 513/451/105 512/451/105 544/451/105 545/451/105
f 500/451/106 499/451/106 531/451/106 532/451/106
f 487/451/104 486/451/104 518/451/104 519/451/104
f 577/485/12 563/486/12 549/487/12 548/488/12
f 576/489/12 550/490/12 558/491/12 557/492/12
f 572/486/12 579/487/12 560/488/12 559/485/12
f 554/492/12 572/489/12 559/490/12 571/491/12
f 565/487/12 573/488/12 570/485/12 569/486/12
f 555/486/12 576/487/12 557/488/12 556/485/12
f 575/486/12 567/487/12 577/488/12 578/485/12
f 566/489/12 568/490/12 573/491/12 565/492/12
f 567/493/12 564/494/12 563/495/12 577/496/12
f 568/486/12 562/487/12 561/488/12 573/485/12
f 553/485/12 552/486/12 572/487/12 554/488/12
f 574/485/12 551/486/12 550/487/12 576/488/12
f 386/497/5 417/498/5 575/499/5 578/500/5
f 412/324/1 406/382/1 562/382/1 568/324/1
f 396/324/8 415/360/8 572/360/8 552/324/8
f 388/501/3 413/502/3 569/503/3 570/504/3
f 418/307/5 384/382/5 574/382/5 576/307/5
f 407/382/8 393/307/8 549/307/8 563/382/8
f 399/360/1 418/307/1 576/307/1 555/360/1
f 393/400/3 392/399/3 548/505/3 549/506/3
f 413/360/5 409/324/5 565/324/5 569/360/5
f 403/323/1 414/322/1 571/430/1 559/507/1
f 395/382/8 394/307/8 550/307/8 551/382/8
f 410/385/3 412/448/3 568/508/3 566/431/3
f 415/360/1 390/307/1 579/307/1 572/360/1
f 397/446/1 396/445/1 552/509/1 553/510/1
f 398/360/5 397/324/5 553/324/5 554/360/5
f 419/382/3 386/324/3 578/324/3 577/382/3
f 416/324/8 388/360/8 570/360/8 573/324/8
f 400/511/5 399/512/5 555/513/5 556/514/5
f 384/515/1 395/516/1 551/517/1 574/518/1
f 402/421/64 401/420/64 557/519/64 558/434/64
f 580/451/86 582/451/86 583/451/86 581/451/86
f 612/451/92 611/451/92 617/451/92 616/451/92
f 613/451/89 580/451/89 581/451/89 618/451/89
f 584/451/87 612/451/87 616/451/87 619/451/87
f 586/451/85 613/451/85 618/451/85 620/451/85
f 585/451/111 584/451/111 619/451/111 621/451/111
f 587/451/103 586/451/103 620/451/103 622/451/103
f 588/451/112 585/451/112 621/451/112 623/451/112
f 589/451/97 587/451/97 622/451/97 624/451/97
f 590/451/113 588/451/113 623/451/113 625/451/113
f 591/451/108 589/451/108 624/451/108 626/451/108
f 592/451/101 590/451/101 625/451/101 627/451/101
f 593/451/109 591/451/109 626/451/109 628/451/109
f 594/451/82 592/451/82 627/451/82 629/451/82
f 595/451/110 593/451/110 628/451/110 630/451/110
f 596/451/95 594/451/95 629/451/95 631/451/95
f 597/451/102 595/451/102 630/451/102 632/451/102
f 598/451/98 596/451/98 631/451/98 633/451/98
f 600/451/93 599/451/93 635/451/93 634/451/93
f 601/451/88 597/451/88 632/451/88 636/451/88
f 602/451/84 598/451/84 633/451/84 637/451/84
f 603/451/107 600/451/107 634/451/107 638/451/107
f 604/451/105 601/451/105 636/451/105 614/451/105
f 605/451/106 602/451/106 637/451/106 639/451/106
f 606/451/104 603/451/104 638/451/104 640/451/104
f 607/451/83 604/451/83 614/451/83 615/451/83
f 608/451/91 605/451/91 639/451/91 641/451/91
f 609/451/100 606/451/100 640/451/100 642/451/100
f 610/451/99 607/451/99 615/451/99 643/451/99
f 582/451/114 608/451/114 641/451/114 583/451/114
f 611/451/94 609/451/94 642/451/94 617/451/94
f 599/451/90 610/451/90 643/451/90 635/451/90
f 590/451/101 592/451/101 822/451/101 820/451/101
f 451/451/84 450/451/84 741/451/84 747/451/84
f 506/451/97 507/451/97 775/451/97 770/451/97
f 589/451/108 591/451/108 821/451/108 819/451/108
f 628/451/112 626/451/112 839/451/112 790/451/112
f 588/451/113 590/451/113 820/451/113 818/451/113
f 444/451/111 443/451/111 707/451/111 711/451/111
f 492/451/112 493/451/112 773/451/112 768/451/112
f 587/451/97 589/451/97 819/451/97 783/451/97
f 424/451/89 423/451/89 739/451/89 745/451/89
f 627/451/102 625/451/102 838/451/102 806/451/102
f 585/451/112 588/451/112 818/451/112 817/451/112
f 505/451/103 506/451/103 770/451/103 766/451/103
f 586/451/103 587/451/103 783/451/103 785/451/103
f 626/451/111 624/451/111 837/451/111 839/451/111
f 430/451/110 429/451/110 705/451/110 709/451/110
f 584/451/111 585/451/111 817/451/111 816/451/111
f 437/451/93 436/451/93 737/451/93 743/451/93
f 491/451/111 492/451/111 768/451/111 686/451/111
f 581/451/104 583/451/104 762/451/104 764/451/104
f 625/451/110 623/451/110 836/451/110 838/451/110
f 443/451/87 442/451/87 703/451/87 707/451/87
f 504/451/85 505/451/85 766/451/85 763/451/85
f 582/451/86 580/451/86 815/451/86 814/451/86
f 450/451/98 449/451/98 735/451/98 741/451/98
f 515/451/90 485/451/90 796/451/90 780/451/90
f 624/451/87 622/451/87 835/451/87 837/451/87
f 488/451/94 489/451/94 760/451/94 800/451/94
f 490/451/87 491/451/87 686/451/87 761/451/87
f 501/451/96 502/451/96 692/451/96 811/451/96
f 623/451/109 621/451/109 834/451/109 836/451/109
f 429/451/109 428/451/109 699/451/109 705/451/109
f 644/413/8 646/412/8 647/438/8 645/437/8
f 648/362/8 649/361/8 651/442/8 650/441/8
f 390/307/1 374/307/1 644/307/1 645/307/1
f 365/382/3 405/382/3 651/382/3 649/382/3
f 404/438/12 390/437/12 645/437/12 647/438/12
f 374/413/64 325/412/64 646/412/64 644/413/64
f 329/362/64 365/361/64 649/361/64 648/362/64
f 405/442/12 406/441/12 650/441/12 651/442/12
f 653/520/8 652/521/8 654/521/8 655/520/8
f 338/347/115 345/353/115 655/353/115 654/347/115
f 345/363/3 329/362/3 653/362/3 655/363/3
f 325/412/1 338/415/1 654/415/1 652/412/1
f 656/368/1 658/367/1 659/445/1 657/446/1
f 656/522/1 661/523/1 662/523/1 660/522/1
f 663/389/1 661/388/1 664/516/1 665/515/1
f 320/388/5 332/391/5 662/391/5 661/388/5
f 323/368/64 349/367/64 658/367/64 656/368/64
f 384/382/5 356/382/5 663/382/5 665/382/5
f 356/389/64 320/388/64 661/388/64 663/389/64
f 332/417/116 340/408/116 660/408/116 662/417/116
f 349/324/8 396/324/8 659/324/8 658/324/8
f 340/369/8 323/368/8 656/368/8 660/369/8
f 395/516/12 384/515/12 665/515/12 664/516/12
f 320/382/8 395/382/8 664/382/8 661/382/8
f 666/524/5 669/525/5 670/525/5 668/524/5
f 666/356/5 667/355/5 673/512/5 672/511/5
f 671/526/5 669/527/5 675/498/5 674/497/5
f 377/360/1 399/360/1 673/360/1 667/360/1
f 417/498/12 386/497/12 674/497/12 675/498/12
f 328/401/3 334/404/3 670/404/3 669/401/3
f 399/512/12 400/511/12 672/511/12 673/512/12
f 344/357/1 324/356/1 666/356/1 668/357/1
f 334/393/117 344/392/117 668/392/117 670/393/117
f 386/324/3 364/324/3 671/324/3 674/324/3
f 400/360/3 324/360/3 666/360/3 672/360/3
f 364/402/64 328/401/64 669/401/64 671/402/64
f 676/528/3 677/529/3 678/529/3 679/528/3
f 681/378/3 677/377/3 683/502/3 682/501/3
f 676/530/3 680/531/3 685/399/3 684/400/3
f 322/377/8 336/380/8 678/380/8 677/377/8
f 321/372/64 357/371/64 680/371/64 676/372/64
f 321/315/12 322/314/12 677/314/12 676/315/12
f 393/307/8 321/307/8 676/307/8 684/307/8
f 413/502/12 388/501/12 682/501/12 683/502/12
f 336/337/118 341/335/118 679/335/118 678/337/118
f 348/378/64 322/377/64 677/377/64 681/378/64
f 357/307/5 392/307/5 685/307/5 680/307/5
f 388/360/8 348/360/8 681/360/8 682/360/8
f 742/451/119 736/451/119 793/451/119 829/451/119
f 696/451/64 698/451/64 699/451/64 697/451/64
f 700/451/64 702/451/64 703/451/64 701/451/64
f 698/451/64 704/451/64 705/451/64 699/451/64
f 702/451/64 706/451/64 707/451/64 703/451/64
f 704/451/64 708/451/64 709/451/64 705/451/64
f 706/451/64 710/451/64 711/451/64 707/451/64
f 708/451/64 712/451/64 713/451/64 709/451/64
f 710/451/64 714/451/64 715/451/64 711/451/64
f 712/451/64 716/451/64 717/451/64 713/451/64
f 714/451/64 718/451/64 719/451/64 715/451/64
f 716/451/64 720/451/64 694/451/64 717/451/64
f 718/451/64 721/451/64 722/451/64 719/451/64
f 720/451/64 723/451/64 695/451/64 694/451/64
f 724/451/64 726/451/64 727/451/64 725/451/64
f 721/451/64 728/451/64 729/451/64 722/451/64
f 723/451/64 730/451/64 731/451/64 695/451/64
f 726/451/64 732/451/64 733/451/64 727/451/64
f 728/451/64 734/451/64 735/451/64 729/451/64
f 730/451/64 736/451/64 737/451/64 731/451/64
f 732/451/64 738/451/64 739/451/64 733/451/64
f 734/451/64 740/451/64 741/451/64 735/451/64
f 736/451/64 742/451/64 743/451/64 737/451/64
f 738/451/64 744/451/64 745/451/64 739/451/64
f 740/451/64 746/451/64 747/451/64 741/451/64
f 742/451/64 688/451/64 748/451/64 743/451/64
f 744/451/64 749/451/64 750/451/64 745/451/64
f 746/451/64 724/451/64 725/451/64 747/451/64
f 688/451/64 689/451/64 751/451/64 748/451/64
f 749/451/64 752/451/64 753/451/64 750/451/64
f 689/451/64 754/451/64 755/451/64 751/451/64
f 752/451/64 696/451/64 697/451/64 753/451/64
f 754/451/64 700/451/64 701/451/64 755/451/64
f 796/451/120 795/451/120 841/451/120 842/451/120
f 686/451/121 768/451/121 834/451/121 687/451/121
f 723/451/122 720/451/122 767/451/122 824/451/122
f 696/451/123 752/451/123 774/451/123 816/451/123
f 706/451/124 702/451/124 783/451/124 819/451/124
f 763/451/125 766/451/125 833/451/125 765/451/125
f 771/451/126 792/451/126 840/451/126 772/451/126
f 740/451/127 734/451/127 827/451/127 828/451/127
f 721/451/128 718/451/128 803/451/128 823/451/128
f 754/451/129 689/451/129 815/451/129 831/451/129
f 780/451/130 796/451/130 842/451/130 781/451/130
f 704/451/131 698/451/131 817/451/131 818/451/131
f 761/451/132 686/451/132 687/451/132 789/451/132
f 788/451/133 690/451/133 691/451/133 791/451/133
f 800/451/134 760/451/134 787/451/134 801/451/134
f 738/451/135 732/451/135 759/451/135 758/451/135
f 811/451/136 692/451/136 762/451/136 813/451/136
f 693/451/137 763/451/137 765/451/137 764/451/137
f 720/451/138 716/451/138 769/451/138 767/451/138
f 786/451/139 771/451/139 772/451/139 808/451/139
f 752/451/140 749/451/140 776/451/140 774/451/140
f 757/451/141 780/451/141 781/451/141 778/451/141
f 702/451/142 700/451/142 785/451/142 783/451/142
f 760/451/143 761/451/143 789/451/143 787/451/143
f 784/451/144 788/451/144 791/451/144 790/451/144
f 736/451/145 730/451/145 794/451/145 793/451/145
f 798/451/146 800/451/146 801/451/146 797/451/146
f 718/451/147 714/451/147 805/451/147 803/451/147
f 782/451/148 786/451/148 808/451/148 806/451/148
f 724/451/149 746/451/149 810/451/149 809/451/149
f 807/451/150 811/451/150 813/451/150 812/451/150
f 700/451/151 754/451/151 831/451/151 785/451/151
f 766/451/152 770/451/152 835/451/152 833/451/152
f 708/451/153 704/451/153 818/451/153 820/451/153
f 690/451/154 799/451/154 843/451/154 691/451/154
f 726/451/155 724/451/155 809/451/155 825/451/155
f 744/451/156 738/451/156 758/451/156 830/451/156
f 768/451/157 773/451/157 836/451/157 834/451/157
f 792/451/158 802/451/158 844/451/158 840/451/158
f 710/451/159 706/451/159 819/451/159 821/451/159
f 728/451/160 721/451/160 823/451/160 826/451/160
f 770/451/161 775/451/161 837/451/161 835/451/161
f 795/451/162 804/451/162 845/451/162 841/451/162
f 746/451/163 740/451/163 828/451/163 810/451/163
f 689/451/164 688/451/164 814/451/164 815/451/164
f 773/451/165 777/451/165 838/451/165 836/451/165
f 712/451/166 708/451/166 820/451/166 822/451/166
f 799/451/167 756/451/167 832/451/167 843/451/167
f 730/451/168 723/451/168 824/451/168 794/451/168
f 692/451/169 693/451/169 764/451/169 762/451/169
f 688/451/170 742/451/170 829/451/170 814/451/170
f 775/451/171 779/451/171 839/451/171 837/451/171
f 802/451/172 807/451/172 812/451/172 844/451/172
f 714/451/173 710/451/173 821/451/173 805/451/173
f 732/451/174 726/451/174 825/451/174 759/451/174
f 777/451/175 782/451/175 806/451/175 838/451/175
f 804/451/176 798/451/176 797/451/176 845/451/176
f 749/451/177 744/451/177 830/451/177 776/451/177
f 756/451/178 757/451/178 778/451/178 832/451/178
f 779/451/179 784/451/179 790/451/179 839/451/179
f 716/451/180 712/451/180 822/451/180 769/451/180
f 734/451/181 728/451/181 826/451/181 827/451/181
f 698/451/182 696/451/182 816/451/182 817/451/182
f 502/451/86 503/451/86 693/451/86 692/451/86
f 615/451/98 614/451/98 832/451/98 778/451/98
f 484/451/107 486/451/107 804/451/107 795/451/107
f 641/451/93 639/451/93 812/451/93 813/451/93
f 434/451/83 433/451/83 694/451/83 695/451/83
f 435/451/99 434/451/99 695/451/99 731/451/99
f 616/451/103 617/451/103 787/451/103 789/451/103
f 512/451/105 513/451/105 756/451/105 799/451/105
f 642/451/89 640/451/89 797/451/89 801/451/89
f 618/451/100 581/451/100 764/451/100 765/451/100
f 499/451/106 500/451/106 807/451/106 802/451/106
f 422/451/96 420/451/96 727/451/96 733/451/96
f 643/451/84 615/451/84 778/451/84 781/451/84
f 583/451/107 641/451/107 813/451/107 762/451/107
f 513/451/83 514/451/83 757/451/83 756/451/83
f 619/451/97 616/451/97 789/451/97 687/451/97
f 486/451/104 487/451/104 798/451/104 804/451/104
f 617/451/85 642/451/85 801/451/85 787/451/85
f 428/451/108 427/451/108 697/451/108 699/451/108
f 449/451/95 448/451/95 729/451/95 735/451/95
f 635/451/106 643/451/106 781/451/106 842/451/106
f 620/451/94 618/451/94 765/451/94 833/451/94
f 500/451/91 501/451/91 811/451/91 807/451/91
f 621/451/108 619/451/108 687/451/108 834/451/108
f 436/451/90 435/451/90 731/451/90 737/451/90
f 489/451/92 490/451/92 761/451/92 760/451/92
f 442/451/92 441/451/92 701/451/92 703/451/92
f 487/451/100 488/451/100 800/451/100 798/451/100
f 622/451/92 620/451/92 833/451/92 835/451/92
f 503/451/89 504/451/89 763/451/89 693/451/89
f 514/451/99 515/451/99 780/451/99 757/451/99
f 423/451/86 422/451/86 733/451/86 739/451/86
f 846/23/5 847/23/5 849/24/5 848/24/5
f 848/24/1 849/24/1 853/24/1 852/24/1
f 852/24/8 853/24/8 851/24/8 850/24/8
f 850/24/3 851/24/3 847/24/3 846/24/3
f 848/20/12 852/24/12 850/24/12 846/20/12
f 853/24/64 849/24/64 847/24/64 851/24/64
f 854/25/183 855/25/183 857/25/183 856/25/183
f 856/25/184 857/25/184 859/24/184 858/24/184
f 858/24/185 859/24/185 861/24/185 860/24/185
f 860/24/186 861/24/186 863/24/186 862/24/186
f 862/24/187 863/24/187 865/24/187 864/24/187
f 864/24/188 865/24/188 867/24/188 866/24/188
f 866/24/189 867/24/189 869/24/189 868/24/189
f 868/24/190 869/24/190 871/24/190 870/24/190
f 870/24/191 871/24/191 873/24/191 872/24/191
f 872/24/192 873/24/192 875/24/192 874/24/192
f 874/24/193 875/24/193 877/24/193 876/24/193
f 876/24/194 877/24/194 879/24/194 878/24/194
f 878/24/195 879/24/195 881/24/195 880/24/195
f 880/24/196 881/24/196 883/24/196 882/24/196
f 882/24/197 883/24/197 885/24/197 884/24/197
f 884/24/198 885/24/198 887/24/198 886/24/198
f 886/24/199 887/24/199 889/24/199 888/24/199
f 888/24/200 889/24/200 891/24/200 890/24/200
f 890/24/201 891/24/201 893/24/201 892/24/201
f 892/24/202 893/24/202 895/24/202 894/24/202
f 894/24/203 895/24/203 897/20/203 896/20/203
f 896/20/204 897/20/204 899/20/204 898/20/204
f 898/20/205 899/20/205 901/20/205 900/20/205
f 900/20/206 901/20/206 903/20/206 902/20/206
f 902/20/207 903/20/207 905/20/207 904/20/207
f 904/20/208 905/20/208 907/20/208 906/20/208
f 906/20/209 907/20/209 909/20/209 908/20/209
f 908/20/210 909/20/210 911/20/210 910/20/210
f 910/20/211 911/20/211 913/20/211 912/20/211
f 912/20/212 913/20/212 915/20/212 914/20/212
f 857/20/3 855/20/3 917/20/3 915/20/3 913/20/3 911/20/3 909/20/3 907/20/3 905/20/3 903/20/3 901/20/3 899/20/3 897/20/3 895/20/3 893/20/3 891/20/3 889/26/3 887/26/3 885/26/3 883/20/3 881/24/3 879/24/3 877/24/3 875/24/3 873/24/3 871/24/3 869/24/3 867/24/3 865/24/3 863/24/3 861/24/3 859/20/3
f 914/20/213 915/20/213 917/20/213 916/20/213
f 916/20/214 917/20/214 855/20/214 854/20/214
f 854/24/1 856/24/1 858/24/1 860/24/1 862/24/1 864/24/1 866/25/1 868/25/1 870/25/1 872/25/1 874/25/1 876/24/1 878/24/1 880/24/1 882/24/1 884/23/1 886/23/1 888/23/1 890/24/1 892/24/1 894/24/1 896/24/1 898/24/1 900/24/1 902/24/1 904/24/1 906/24/1 908/24/1 910/24/1 912/24/1 914/24/1 916/24/1
f 918/58/3 919/57/3 921/532/3 920/533/3
f 920/533/5 921/532/5 925/534/5 924/535/5
f 924/535/1 925/534/1 923/64/1 922/63/1
f 922/63/8 923/64/8 919/536/8 918/537/8
f 920/538/12 924/535/12 922/63/12 918/70/12
f 925/534/64 921/539/64 919/540/64 923/64/64
f 926/541/215 927/76/215 929/60/215 928/542/215
f 928/542/216 929/60/216 931/59/216 930/543/216
f 930/543/217 931/59/217 933/74/217 932/544/217
f 932/544/218 933/74/218 935/72/218 934/539/218
f 934/539/219 935/72/219 937/71/219 936/545/219
f 936/545/220 937/71/220 939/62/220 938/546/220
f 938/546/221 939/62/221 941/61/221 940/547/221
f 940/547/222 941/61/222 943/75/222 942/548/222
f 942/548/223 943/75/223 945/549/223 944/550/223
f 944/550/224 945/549/224 947/551/224 946/552/224
f 946/552/225 947/551/225 949/553/225 948/554/225
f 948/554/226 949/553/226 951/536/226 950/534/226
f 950/534/227 951/536/227 953/555/227 952/556/227
f 952/556/228 953/555/228 955/557/228 954/558/228
f 954/558/229 955/557/229 957/559/229 956/560/229
f 956/560/230 957/559/230 959/561/230 958/562/230
f 958/562/231 959/561/231 961/563/231 960/564/231
f 960/564/232 961/563/232 963/565/232 962/566/232
f 962/566/233 963/565/233 965/567/233 964/568/233
f 964/568/234 965/567/234 967/537/234 966/535/234
f 966/535/235 967/537/235 969/569/235 968/570/235
f 968/570/236 969/569/236 971/571/236 970/572/236
f 970/572/237 971/571/237 973/573/237 972/574/237
f 972/574/238 973/573/238 975/67/238 974/575/238
f 974/575/239 975/67/239 977/66/239 976/576/239
f 976/576/240 977/66/240 979/50/240 978/577/240
f 978/577/241 979/50/241 981/49/241 980/578/241
f 980/578/242 981/49/242 983/73/242 982/538/242
f 982/538/243 983/73/243 985/69/243 984/579/243
f 984/579/244 985/69/244 987/68/244 986/580/244
f 929/572/8 927/575/8 989/576/8 987/581/8 985/582/8 983/583/8 981/584/8 979/585/8 977/586/8 975/587/8 973/588/8 971/589/8 969/590/8 967/591/8 965/592/8 963/593/8 961/594/8 959/595/8 957/596/8 955/597/8 953/598/8 951/599/8 949/600/8 947/601/8 945/602/8 943/603/8 941/604/8 939/605/8 937/606/8 935/607/8 933/608/8 931/609/8
f 986/580/245 987/68/245 989/56/245 988/610/245
f 988/610/246 989/56/246 927/55/246 926/611/246
f 926/548/5 928/546/5 930/612/5 932/613/5 934/614/5 936/615/5 938/616/5 940/617/5 942/618/5 944/619/5 946/620/5 948/621/5 950/622/5 952/623/5 954/624/5 956/625/5 958/626/5 960/627/5 962/628/5 964/629/5 966/630/5 968/631/5 970/632/5 972/633/5 974/634/5 976/635/5 978/636/5 980/637/5 982/638/5 984/639/5 986/640/5 988/550/5
f 990/142/5 991/141/5 993/641/5 992/642/5
f 992/642/1 993/641/1 997/643/1 996/644/1
f 996/644/8 997/643/8 995/148/8 994/147/8
f 994/147/3 995/148/3 991/645/3 990/646/3
f 992/647/12 996/644/12 994/147/12 990/154/12
f 997/643/64 993/648/64 991/649/64 995/148/64
f 998/650/183 999/161/183 1001/144/183 1000/651/183
f 1000/651/184 1001/144/184 1003/143/184 1002/652/184
f 1002/652/185 1003/143/185 1005/159/185 1004/653/185
f 1004/653/186 1005/159/186 1007/156/186 1006/648/186
f 1006/648/187 1007/156/187 1009/155/187 1008/654/187
f 1008/654/188 1009/155/188 1011/146/188 1010/655/188
f 1010/655/189 1011/146/189 1013/145/189 1012/656/189
f 1012/656/190 1013/145/190 1015/160/190 1014/657/190
f 1014/657/191 1015/160/191 1017/658/191 1016/659/191
f 1016/659/192 1017/658/192 1019/660/192 1018/661/192
f 1018/661/193 1019/660/193 1021/662/193 1020/663/193
f 1020/663/194 1021/662/194 1023/645/194 1022/643/194
f 1022/643/195 1023/645/195 1025/664/195 1024/665/195
f 1024/665/196 1025/664/196 1027/666/196 1026/667/196
f 1026/667/197 1027/666/197 1029/668/197 1028/669/197
f 1028/669/198 1029/668/198 1031/670/198 1030/671/198
f 1030/671/199 1031/670/199 1033/672/199 1032/673/199
f 1032/673/200 1033/672/200 1035/674/200 1034/675/200
f 1034/675/201 1035/674/201 1037/676/201 1036/677/201
f 1036/677/202 1037/676/202 1039/646/202 1038/644/202
f 1038/644/203 1039/646/203 1041/678/203 1040/679/203
f 1040/679/204 1041/678/204 1043/680/204 1042/681/204
f 1042/681/205 1043/680/205 1045/682/205 1044/683/205
f 1044/683/206 1045/682/206 1047/151/206 1046/684/206
f 1046/684/207 1047/151/207 1049/150/207 1048/685/207
f 1048/685/208 1049/150/208 1051/136/208 1050/686/208
f 1050/686/209 1051/136/209 1053/135/209 1052/687/209
f 1052/687/210 1053/135/210 1055/158/210 1054/647/210
f 1054/647/211 1055/158/211 1057/153/211 1056/688/211
f 1056/688/212 1057/153/212 1059/152/212 1058/689/212
f 1001/690/3 999/691/3 1061/692/3 1059/693/3 1057/694/3 1055/695/3 1053/696/3 1051/697/3 1049/698/3 1047/699/3 1045/700/3 1043/701/3 1041/702/3 1039/703/3 1037/704/3 1035/705/3 1033/706/3 1031/707/3 1029/708/3 1027/709/3 1025/710/3 1023/711/3 1021/712/3 1019/713/3 1017/714/3 1015/715/3 1013/716/3 1011/717/3 1009/718/3 1007/719/3 1005/720/3 1003/721/3
f 1058/689/213 1059/152/213 1061/140/213 1060/722/213
f 1060/722/214 1061/140/214 999/139/214 998/723/214
f 998/724/1 1000/725/1 1002/726/1 1004/727/1 1006/728/1 1008/729/1 1010/730/1 1012/731/1 1014/732/1 1016/733/1 1018/734/1 1020/735/1 1022/736/1 1024/737/1 1026/738/1 1028/739/1 1030/740/1 1032/741/1 1034/742/1 1036/743/1 1038/744/1 1040/745/1 1042/746/1 1044/747/1 1046/748/1 1048/749/1 1050/750/1 1052/751/1 1054/752/1 1056/753/1 1058/754/1 1060/755/1
f 1063/756/26 1076/757/26 1075/758/5 1077/759/5 1078/760/5 1079/761/5 1080/762/5 1081/763/5 1082/764/5 1067/765/5 1066/766/5 1068/767/5 1069/768/5 1070/769/5 1071/770/5 1072/771/5 1073/772/5 1074/773/26 1064/774/26 1065/775/5 1062/776/5
f 312/304/61 313/306/61 1080/777/61 1079/778/61
f 304/305/62 305/269/62 1072/779/62 1071/779/62
f 297/294/3 298/291/3 1065/780/3 1064/779/3
f 313/306/63 314/293/63 1081/781/63 1080/777/63
f 305/269/56 306/268/56 1073/779/56 1072/779/56
f 298/291/64 295/287/64 1062/290/64 1065/780/64
f 314/293/65 315/292/65 1082/782/65 1081/781/65
f 306/268/66 307/294/66 1074/779/66 1073/779/66
f 300/296/67 299/295/67 1066/783/67 1067/784/67
f 315/292/68 300/296/68 1067/784/68 1082/782/68
f 309/288/69 308/297/69 1075/785/69 1076/289/69
f 299/299/70 301/298/70 1068/779/70 1066/779/70
f 296/288/12 309/288/12 1076/289/12 1063/289/12
f 308/297/71 310/300/71 1077/786/71 1075/785/71
f 301/298/72 302/301/72 1069/779/72 1068/779/72
f 307/294/12 297/294/12 1064/779/12 1074/779/12
f 310/300/57 311/302/57 1078/787/57 1077/786/57
f 302/301/58 303/303/58 1070/779/58 1069/779/58
f 311/302/247 312/304/247 1079/778/247 1078/787/247
f 303/303/248 304/305/248 1071/779/248 1070/779/248
f 1170/788/12 1174/789/12 1086/790/12 1084/791/12
f 1171/788/64 1089/791/64 1090/790/64 1175/789/64
f 1170/788/8 1084/791/8 1093/791/8 1172/788/8
f 1163/792/5 1085/793/5 1091/793/5 1167/794/5
f 1164/795/5 1088/796/5 1096/796/5 1168/795/5
f 1175/789/8 1090/790/8 1098/790/8 1177/789/8
f 1093/791/12 1094/790/12 1098/790/12 1097/791/12
f 1091/793/12 1092/796/12 1096/796/12 1095/793/12
f 1167/794/12 1091/793/12 1095/793/12 1169/797/12
f 1172/788/12 1093/791/12 1097/791/12 1173/788/12
f 1090/790/3 1089/791/3 1097/791/3 1098/790/3
f 1088/796/1 1087/793/1 1095/793/1 1096/796/1
f 1084/791/1 1086/790/1 1094/790/1 1093/791/1
f 1085/793/3 1083/796/3 1092/796/3 1091/793/3
f 44/798/8 43/798/8 1099/798/8 1100/798/8
f 1100/799/26 1099/800/3 1102/801/3 1101/799/26 1111/802/26 1110/803/3 1109/804/3 1108/805/3 1107/806/3 1106/807/3 1105/808/3 1103/809/3 1104/810/3 1119/811/3 1118/812/3 1117/813/3 1116/814/3 1115/815/3 1114/816/3 1112/817/3 1113/799/26
f 61/818/249 60/819/249 1116/819/249 1117/818/249
f 53/820/250 52/821/250 1108/821/250 1109/820/250
f 46/822/5 45/798/5 1101/798/5 1102/822/5
f 62/823/251 61/818/251 1117/818/251 1118/823/251
f 54/824/252 53/820/252 1109/820/252 1110/824/252
f 43/822/64 46/822/64 1102/822/64 1099/822/64
f 63/825/253 62/823/253 1118/823/253 1119/825/253
f 55/826/254 54/824/254 1110/824/254 1111/826/254
f 47/827/255 48/828/255 1104/828/255 1103/827/255
f 48/829/256 63/825/256 1119/825/256 1104/829/256
f 56/830/257 57/831/257 1113/831/257 1112/830/257
f 49/832/258 47/827/258 1103/827/258 1105/832/258
f 57/833/5 44/833/5 1100/833/5 1113/833/5
f 58/834/259 56/830/259 1112/830/259 1114/834/259
f 50/835/260 49/832/260 1105/832/260 1106/835/260
f 45/833/8 55/833/8 1111/833/8 1101/833/8
f 59/836/261 58/834/261 1114/834/261 1115/836/261
f 51/837/262 50/835/262 1106/835/262 1107/837/262
f 60/819/263 59/836/263 1115/836/263 1116/819/263
f 52/821/264 51/837/264 1107/837/264 1108/821/264
f 139/75/69 138/61/69 1131/61/69 1132/75/69
f 1120/838/26 1121/839/5 1122/840/5 1123/838/26 1132/841/26 1131/842/5 1130/843/5 1129/844/5 1128/845/5 1127/846/5 1126/847/5 1124/848/5 1125/849/5 1140/850/5 1139/851/5 1138/852/5 1137/853/5 1136/854/5 1135/855/5 1133/856/5 1134/838/26
f 131/60/68 132/76/68 1125/76/68 1124/60/68
f 132/55/67 147/56/67 1140/56/67 1125/55/67
f 140/66/66 141/67/66 1134/67/66 1133/66/66
f 133/59/65 131/60/65 1124/60/65 1126/59/65
f 141/65/12 128/65/12 1120/65/12 1134/65/12
f 142/50/56 140/66/56 1133/66/56 1135/50/56
f 134/74/63 133/59/63 1126/59/63 1127/74/63
f 129/65/64 139/65/64 1132/65/64 1123/65/64
f 143/49/62 142/50/62 1135/50/62 1136/49/62
f 135/72/61 134/74/61 1127/74/61 1128/72/61
f 144/73/60 143/49/60 1136/49/60 1137/73/60
f 136/71/59 135/72/59 1128/72/59 1129/71/59
f 128/57/3 127/58/3 1121/58/3 1120/57/3
f 145/69/58 144/73/58 1137/73/58 1138/69/58
f 137/62/57 136/71/57 1129/71/57 1130/62/57
f 130/63/1 129/64/1 1123/64/1 1122/63/1
f 146/68/72 145/69/72 1138/69/72 1139/68/72
f 138/61/71 137/62/71 1130/62/71 1131/61/71
f 127/70/64 130/63/64 1122/63/64 1121/70/64
f 147/56/70 146/68/70 1139/68/70 1140/56/70
f 193/857/8 192/148/8 1144/148/8 1143/857/8
f 1141/858/26 1142/859/1 1143/860/1 1144/858/26 1153/861/26 1152/862/1 1151/863/1 1150/864/1 1149/865/1 1148/866/1 1147/867/1 1145/868/1 1146/869/1 1161/870/1 1160/871/1 1159/872/1 1158/873/1 1157/874/1 1156/875/1 1154/876/1 1155/858/26
f 209/152/260 208/153/260 1159/153/260 1160/152/260
f 201/145/259 200/146/259 1151/146/259 1152/145/259
f 190/154/64 193/857/64 1143/857/64 1142/154/64
f 210/140/258 209/152/258 1160/152/258 1161/140/258
f 202/160/257 201/145/257 1152/145/257 1153/160/257
f 194/144/256 195/161/256 1146/161/256 1145/144/256
f 195/139/255 210/140/255 1161/140/255 1146/139/255
f 203/150/254 204/151/254 1155/151/254 1154/150/254
f 196/143/253 194/144/253 1145/144/253 1147/143/253
f 204/149/5 191/149/5 1141/149/5 1155/149/5
f 205/136/252 203/150/252 1154/150/252 1156/136/252
f 197/159/251 196/143/251 1147/143/251 1148/159/251
f 192/149/8 202/149/8 1153/149/8 1144/149/8
f 206/135/250 205/136/250 1156/136/250 1157/135/250
f 198/156/249 197/159/249 1148/159/249 1149/156/249
f 207/158/264 206/135/264 1157/135/264 1158/158/264
f 199/155/263 198/156/263 1149/156/263 1150/155/263
f 191/141/5 190/142/5 1142/142/5 1141/141/5
f 208/153/262 207/158/262 1158/158/262 1159/153/262
f 200/146/261 199/155/261 1150/155/261 1151/146/261
f 1092/796/12 1166/795/12 1168/795/12 1096/796/12
f 1176/877/12 1167/794/12 1169/797/12 1177/789/12
f 1087/793/8 1165/797/8 1169/797/8 1095/793/8
f 1171/788/5 1164/795/5 1168/795/5 1173/788/5
f 1167/794/265 1176/877/265 1180/877/265 1181/794/265
f 1083/796/8 1162/795/8 1166/795/8 1092/796/8
f 1088/796/64 1164/795/64 1165/797/64 1087/793/64
f 1083/796/12 1085/793/12 1163/792/12 1162/795/12
f 1086/790/5 1174/789/5 1176/877/5 1094/790/5
f 1089/791/5 1171/788/5 1173/788/5 1097/791/5
f 1094/790/12 1176/877/12 1177/789/12 1098/790/12
f 1166/795/12 1172/788/12 1173/788/12 1168/795/12
f 1165/797/8 1175/789/8 1177/789/8 1169/797/8
f 1162/795/8 1170/788/8 1172/788/8 1166/795/8
f 1164/795/64 1171/788/64 1175/789/64 1165/797/64
f 1162/795/12 1163/792/12 1174/789/12 1170/788/12
f 1178/789/5 1179/792/5 1181/794/5 1180/877/5
f 1174/789/266 1163/792/266 1183/792/266 1182/789/266
f 1163/792/1 1167/794/1 1181/794/1 1179/792/1
f 1176/877/267 1174/789/267 1178/789/267 1180/877/267
f 1182/789/268 1183/792/268 1185/792/268 1184/789/268
f 1179/792/269 1178/789/269 1184/789/269 1185/792/269
f 1178/789/270 1174/789/270 1182/789/270 1184/789/270
f 1163/792/3 1179/792/3 1185/792/3 1183/792/3
f 1186/878/3 1187/879/3 1189/880/3 1188/881/3
f 1188/881/5 1189/880/5 1193/882/5 1192/883/5
f 1192/883/1 1193/882/1 1191/884/1 1190/885/1
f 1190/885/8 1191/884/8 1187/886/8 1186/887/8
f 1188/888/12 1192/883/12 1190/885/12 1186/889/12
f 1193/882/64 1189/890/64 1187/891/64 1191/884/64
f 1194/878/5 1195/879/5 1197/880/5 1196/881/5
f 1196/881/1 1197/880/1 1201/882/1 1200/883/1
f 1200/883/8 1201/882/8 1199/884/8 1198/885/8
f 1198/885/3 1199/884/3 1195/886/3 1194/887/3
f 1196/888/12 1200/883/12 1198/885/12 1194/889/12
f 1201/882/64 1197/890/64 1195/891/64 1199/884/64
f 1202/878/3 1203/879/3 1205/880/3 1204/881/3
f 1204/881/5 1205/880/5 1209/882/5 1208/883/5
f 1208/883/1 1209/882/1 1207/884/1 1206/885/1
f 1206/885/8 1207/884/8 1203/886/8 1202/887/8
f 1204/888/12 1208/883/12 1206/885/12 1202/889/12
f 1209/882/64 1205/890/64 1203/891/64 1207/884/64
f 1210/878/5 1211/879/5 1213/880/5 1212/881/5
f 1212/881/1 1213/880/1 1217/882/1 1216/883/1
f 1216/883/8 1217/882/8 1215/884/8 1214/885/8
f 1214/885/3 1215/884/3 1211/886/3 1210/887/3
f 1212/888/12 1216/883/12 1214/885/12 1210/889/12
f 1217/882/64 1213/890/64 1211/891/64 1215/884/64
